module_type,path,status,notes
"page","C:\home\vscode\bikube\app\Filament\Pages\Security\AdminIpRules.php","PENDING",""
"page","C:\home\vscode\bikube\app\Filament\Pages\Security\ApiKeys.php","PENDING",""
"page","C:\home\vscode\bikube\app\Filament\Pages\Security\AuditLogs.php","PENDING",""
"page","C:\home\vscode\bikube\app\Filament\Pages\Security\TwoFactorSetup.php","PENDING",""
"page","C:\home\vscode\bikube\app\Filament\Pages\AgentTeamChat.php","PENDING",""
"page","C:\home\vscode\bikube\app\Filament\Pages\AssistantDashboard.php","PENDING",""
"page","C:\home\vscode\bikube\app\Filament\Pages\Dashboard.php","PENDING",""
"page","C:\home\vscode\bikube\app\Filament\Pages\DeliveryOperationsBoard.php","PENDING",""
"page","C:\home\vscode\bikube\app\Filament\Pages\Dispatch.php","PENDING",""
"page","C:\home\vscode\bikube\app\Filament\Pages\DispatchRulePreview.php","PENDING",""
"page","C:\home\vscode\bikube\app\Filament\Pages\EcoDisposalDashboard.php","PENDING",""
"page","C:\home\vscode\bikube\app\Filament\Pages\ExceptionSlaCenter.php","PENDING",""
"page","C:\home\vscode\bikube\app\Filament\Pages\LiveOperationsMap.php","PENDING",""
"page","C:\home\vscode\bikube\app\Filament\Pages\OperationExceptionsList.php","PENDING",""
"page","C:\home\vscode\bikube\app\Filament\Pages\OperationsCoreBoard.php","PENDING",""
"page","C:\home\vscode\bikube\app\Filament\Pages\RoadsideDashboard.php","PENDING",""
"page","C:\home\vscode\bikube\app\Filament\Pages\RoadsideDebugPage.php","PENDING",""
"page","C:\home\vscode\bikube\app\Filament\Pages\RoadsideDispatchBoard.php","PENDING",""
"page","C:\home\vscode\bikube\app\Filament\Pages\ServiceJobsBoard.php","PENDING",""
"page","C:\home\vscode\bikube\app\Filament\Pages\SocialCareAnalytics.php","PENDING",""
"page","C:\home\vscode\bikube\app\Filament\Pages\SocialCareDashboard.php","PENDING",""
"page","C:\home\vscode\bikube\app\Filament\Pages\TasksKanban.php","PENDING",""
"page","C:\home\vscode\bikube\app\Filament\Pages\TasksTimeline.php","PENDING",""
"page","C:\home\vscode\bikube\app\Filament\Pages\UnifiedOperationsCore.php","PENDING",""
"page","C:\home\vscode\bikube\app\Filament\Pages\Virtual2DOffice.php","PENDING",""
"page","C:\home\vscode\bikube\app\Filament\Pages\Virtual3DOffice.php","PENDING",""
"page","C:\home\vscode\bikube\app\Filament\Pages\VirtualOfficeDashboard.php","PENDING",""
"resource","C:\home\vscode\bikube\app\Filament\Resources\AdCategoryResource\Pages\CreateAdCategory.php","PENDING",""
"resource","C:\home\vscode\bikube\app\Filament\Resources\AdCategoryResource\Pages\EditAdCategory.php","PENDING",""
"resource","C:\home\vscode\bikube\app\Filament\Resources\AdCategoryResource\Pages\ListAdCategories.php","PENDING",""
"resource","C:\home\vscode\bikube\app\Filament\Resources\AdFeatureResource\Pages\CreateAdFeature.php","PENDING",""
"resource","C:\home\vscode\bikube\app\Filament\Resources\AdFeatureResource\Pages\EditAdFeature.php","PENDING",""
"resource","C:\home\vscode\bikube\app\Filament\Resources\AdFeatureResource\Pages\ListAdFeatures.php","PENDING",""
"resource","C:\home\vscode\bikube\app\Filament\Resources\AdImportResource\Pages\CreateAdImport.php","PENDING",""
"resource","C:\home\vscode\bikube\app\Filament\Resources\AdImportResource\Pages\ListAdImports.php","PENDING",""
"resource","C:\home\vscode\bikube\app\Filament\Resources\AdminIpRuleResource\Pages\CreateAdminIpRule.php","PENDING",""
"resource","C:\home\vscode\bikube\app\Filament\Resources\AdminIpRuleResource\Pages\EditAdminIpRule.php","PENDING",""
"resource","C:\home\vscode\bikube\app\Filament\Resources\AdminIpRuleResource\Pages\ListAdminIpRules.php","PENDING",""
"resource","C:\home\vscode\bikube\app\Filament\Resources\AnalyticsResource\Pages\EditAnalytics.php","PENDING",""
"resource","C:\home\vscode\bikube\app\Filament\Resources\AnalyticsResource\Pages\ListAnalytics.php","PENDING",""
"resource","C:\home\vscode\bikube\app\Filament\Resources\ApiKeyResource\Pages\CreateApiKey.php","PENDING",""
"resource","C:\home\vscode\bikube\app\Filament\Resources\ApiKeyResource\Pages\EditApiKey.php","PENDING",""
"resource","C:\home\vscode\bikube\app\Filament\Resources\ApiKeyResource\Pages\ListApiKeys.php","PENDING",""
"resource","C:\home\vscode\bikube\app\Filament\Resources\ApiKeyResource\Pages\ShowApiKey.php","PENDING",""
"resource","C:\home\vscode\bikube\app\Filament\Resources\ApiKeyResource\Pages\ViewApiKey.php","PENDING",""
"resource","C:\home\vscode\bikube\app\Filament\Resources\AssistantConversationResource\Pages\CreateAssistantConversation.php","PENDING",""
"resource","C:\home\vscode\bikube\app\Filament\Resources\AssistantConversationResource\Pages\EditAssistantConversation.php","PENDING",""
"resource","C:\home\vscode\bikube\app\Filament\Resources\AssistantConversationResource\Pages\ListAssistantConversations.php","PENDING",""
"resource","C:\home\vscode\bikube\app\Filament\Resources\AssistantConversationResource\Pages\ViewAssistantConversation.php","PENDING",""
"resource","C:\home\vscode\bikube\app\Filament\Resources\CarePlanResource\Pages\CreateCarePlan.php","PENDING",""
"resource","C:\home\vscode\bikube\app\Filament\Resources\CarePlanResource\Pages\EditCarePlan.php","PENDING",""
"resource","C:\home\vscode\bikube\app\Filament\Resources\CarePlanResource\Pages\ListCarePlans.php","PENDING",""
"resource","C:\home\vscode\bikube\app\Filament\Resources\CarePlanResource\Pages\ViewCarePlan.php","PENDING",""
"resource","C:\home\vscode\bikube\app\Filament\Resources\CareServiceResource\Pages\CreateCareService.php","PENDING",""
"resource","C:\home\vscode\bikube\app\Filament\Resources\CareServiceResource\Pages\EditCareService.php","PENDING",""
"resource","C:\home\vscode\bikube\app\Filament\Resources\CareServiceResource\Pages\ListCareServices.php","PENDING",""
"resource","C:\home\vscode\bikube\app\Filament\Resources\CareServiceResource\Pages\ViewCareService.php","PENDING",""
"resource","C:\home\vscode\bikube\app\Filament\Resources\ClaimResource\Pages\CreateClaim.php","PENDING",""
"resource","C:\home\vscode\bikube\app\Filament\Resources\ClaimResource\Pages\EditClaim.php","PENDING",""
"resource","C:\home\vscode\bikube\app\Filament\Resources\ClaimResource\Pages\ListClaims.php","PENDING",""
"resource","C:\home\vscode\bikube\app\Filament\Resources\ClassifiedAdResource\Pages\EditClassifiedAd.php","PENDING",""
"resource","C:\home\vscode\bikube\app\Filament\Resources\ClassifiedAdResource\Pages\ListClassifiedAds.php","PENDING",""
"resource","C:\home\vscode\bikube\app\Filament\Resources\ClassifiedAdResource\Pages\ViewClassifiedAd.php","PENDING",""
"resource","C:\home\vscode\bikube\app\Filament\Resources\ClientProfileResource\Pages\CreateClientProfile.php","PENDING",""
"resource","C:\home\vscode\bikube\app\Filament\Resources\ClientProfileResource\Pages\EditClientProfile.php","PENDING",""
"resource","C:\home\vscode\bikube\app\Filament\Resources\ClientProfileResource\Pages\ListClientProfiles.php","PENDING",""
"resource","C:\home\vscode\bikube\app\Filament\Resources\ClientProfileResource\Pages\ViewClientProfile.php","PENDING",""
"resource","C:\home\vscode\bikube\app\Filament\Resources\ClientProfileResource\RelationManagers\TrustedContactsRelationManager.php","PENDING",""
"resource","C:\home\vscode\bikube\app\Filament\Resources\CommunityPointsBalanceResource\Pages\ListCommunityPointsBalances.php","PENDING",""
"resource","C:\home\vscode\bikube\app\Filament\Resources\CommunityPointsBalanceResource\Pages\ViewCommunityPointsBalance.php","PENDING",""
"resource","C:\home\vscode\bikube\app\Filament\Resources\CommunityPointsBalanceResource\RelationManagers\TransactionsRelationManager.php","PENDING",""
"resource","C:\home\vscode\bikube\app\Filament\Resources\Concerns\HasUltraProMaxFeatures.php","PENDING",""
"resource","C:\home\vscode\bikube\app\Filament\Resources\CouponResource\Pages\CreateCoupon.php","PENDING",""
"resource","C:\home\vscode\bikube\app\Filament\Resources\CouponResource\Pages\EditCoupon.php","PENDING",""
"resource","C:\home\vscode\bikube\app\Filament\Resources\CouponResource\Pages\ListCoupons.php","PENDING",""
"resource","C:\home\vscode\bikube\app\Filament\Resources\DeliveryOrderResource\Pages\CreateDeliveryOrder.php","PENDING",""
"resource","C:\home\vscode\bikube\app\Filament\Resources\DeliveryOrderResource\Pages\EditDeliveryOrder.php","PENDING",""
"resource","C:\home\vscode\bikube\app\Filament\Resources\DeliveryOrderResource\Pages\ListDeliveryOrders.php","PENDING",""
"resource","C:\home\vscode\bikube\app\Filament\Resources\DeliveryOrderResource\Pages\ViewDeliveryOrder.php","PENDING",""
"resource","C:\home\vscode\bikube\app\Filament\Resources\DeliveryZoneResource\Pages\CreateDeliveryZone.php","PENDING",""
"resource","C:\home\vscode\bikube\app\Filament\Resources\DeliveryZoneResource\Pages\EditDeliveryZone.php","PENDING",""
"resource","C:\home\vscode\bikube\app\Filament\Resources\DeliveryZoneResource\Pages\ListDeliveryZones.php","PENDING",""
"resource","C:\home\vscode\bikube\app\Filament\Resources\DispatchRuleSetResource\Pages\CreateDispatchRuleSet.php","PENDING",""
"resource","C:\home\vscode\bikube\app\Filament\Resources\DispatchRuleSetResource\Pages\EditDispatchRuleSet.php","PENDING",""
"resource","C:\home\vscode\bikube\app\Filament\Resources\DispatchRuleSetResource\Pages\ListDispatchRuleSets.php","PENDING",""
"resource","C:\home\vscode\bikube\app\Filament\Resources\DisposalItemResource\Pages\CreateDisposalItem.php","PENDING",""
"resource","C:\home\vscode\bikube\app\Filament\Resources\DisposalItemResource\Pages\EditDisposalItem.php","PENDING",""
"resource","C:\home\vscode\bikube\app\Filament\Resources\DisposalItemResource\Pages\ListDisposalItems.php","PENDING",""
"resource","C:\home\vscode\bikube\app\Filament\Resources\DisposalPartnerResource\Pages\CreateDisposalPartner.php","PENDING",""
"resource","C:\home\vscode\bikube\app\Filament\Resources\DisposalPartnerResource\Pages\EditDisposalPartner.php","PENDING",""
"resource","C:\home\vscode\bikube\app\Filament\Resources\DisposalPartnerResource\Pages\ListDisposalPartners.php","PENDING",""
"resource","C:\home\vscode\bikube\app\Filament\Resources\EcoCertificateResource\Pages\ListEcoCertificates.php","PENDING",""
"resource","C:\home\vscode\bikube\app\Filament\Resources\EcoCertificateResource\Pages\ViewEcoCertificate.php","PENDING",""
"resource","C:\home\vscode\bikube\app\Filament\Resources\EcoTeamResource\Pages\CreateEcoTeam.php","PENDING",""
"resource","C:\home\vscode\bikube\app\Filament\Resources\EcoTeamResource\Pages\EditEcoTeam.php","PENDING",""
"resource","C:\home\vscode\bikube\app\Filament\Resources\EcoTeamResource\Pages\ListEcoTeams.php","PENDING",""
"resource","C:\home\vscode\bikube\app\Filament\Resources\EmployeeResource\Pages\CreateEmployee.php","PENDING",""
"resource","C:\home\vscode\bikube\app\Filament\Resources\EmployeeResource\Pages\EditEmployee.php","PENDING",""
"resource","C:\home\vscode\bikube\app\Filament\Resources\EmployeeResource\Pages\ListEmployees.php","PENDING",""
"resource","C:\home\vscode\bikube\app\Filament\Resources\EmployeeResource\Widgets\EmployeesOverviewWidget.php","PENDING",""
"resource","C:\home\vscode\bikube\app\Filament\Resources\ErrandOrderDetailsResource\Pages\CreateErrandOrderDetails.php","PENDING",""
"resource","C:\home\vscode\bikube\app\Filament\Resources\ErrandOrderDetailsResource\Pages\EditErrandOrderDetails.php","PENDING",""
"resource","C:\home\vscode\bikube\app\Filament\Resources\ErrandOrderDetailsResource\Pages\ListErrandOrderDetails.php","PENDING",""
"resource","C:\home\vscode\bikube\app\Filament\Resources\ErrandOrderDetailsResource\Pages\ViewErrandOrderDetails.php","PENDING",""
"resource","C:\home\vscode\bikube\app\Filament\Resources\ErrandTaskResource\Pages\CreateErrandTask.php","PENDING",""
"resource","C:\home\vscode\bikube\app\Filament\Resources\ErrandTaskResource\Pages\EditErrandTask.php","PENDING",""
"resource","C:\home\vscode\bikube\app\Filament\Resources\ErrandTaskResource\Pages\ListErrandTasks.php","PENDING",""
"resource","C:\home\vscode\bikube\app\Filament\Resources\ExecutorBreakResource\Pages\CreateExecutorBreak.php","PENDING",""
"resource","C:\home\vscode\bikube\app\Filament\Resources\ExecutorBreakResource\Pages\EditExecutorBreak.php","PENDING",""
"resource","C:\home\vscode\bikube\app\Filament\Resources\ExecutorBreakResource\Pages\ListExecutorBreaks.php","PENDING",""
"resource","C:\home\vscode\bikube\app\Filament\Resources\ExecutorShiftResource\Pages\CreateExecutorShift.php","PENDING",""
"resource","C:\home\vscode\bikube\app\Filament\Resources\ExecutorShiftResource\Pages\EditExecutorShift.php","PENDING",""
"resource","C:\home\vscode\bikube\app\Filament\Resources\ExecutorShiftResource\Pages\ListExecutorShifts.php","PENDING",""
"resource","C:\home\vscode\bikube\app\Filament\Resources\FeatureFlagResource\Pages\CreateFeatureFlag.php","PENDING",""
"resource","C:\home\vscode\bikube\app\Filament\Resources\FeatureFlagResource\Pages\EditFeatureFlag.php","PENDING",""
"resource","C:\home\vscode\bikube\app\Filament\Resources\FeatureFlagResource\Pages\ListFeatureFlags.php","PENDING",""
"resource","C:\home\vscode\bikube\app\Filament\Resources\FeatureFlagResource\Pages\ViewFeatureFlag.php","PENDING",""
"resource","C:\home\vscode\bikube\app\Filament\Resources\GeoZoneResource\Pages\CreateGeoZone.php","PENDING",""
"resource","C:\home\vscode\bikube\app\Filament\Resources\GeoZoneResource\Pages\EditGeoZone.php","PENDING",""
"resource","C:\home\vscode\bikube\app\Filament\Resources\GeoZoneResource\Pages\ListGeoZones.php","PENDING",""
"resource","C:\home\vscode\bikube\app\Filament\Resources\GeoZoneResource\Pages\ViewGeoZone.php","PENDING",""
"resource","C:\home\vscode\bikube\app\Filament\Resources\HandymanAssignmentResource\Pages\CreateHandymanAssignment.php","PENDING",""
"resource","C:\home\vscode\bikube\app\Filament\Resources\HandymanAssignmentResource\Pages\EditHandymanAssignment.php","PENDING",""
"resource","C:\home\vscode\bikube\app\Filament\Resources\HandymanAssignmentResource\Pages\ListHandymanAssignments.php","PENDING",""
"resource","C:\home\vscode\bikube\app\Filament\Resources\HandymanMaterialsEntryResource\Pages\CreateHandymanMaterialsEntry.php","PENDING",""
"resource","C:\home\vscode\bikube\app\Filament\Resources\HandymanMaterialsEntryResource\Pages\EditHandymanMaterialsEntry.php","PENDING",""
"resource","C:\home\vscode\bikube\app\Filament\Resources\HandymanMaterialsEntryResource\Pages\ListHandymanMaterialsEntries.php","PENDING",""
"resource","C:\home\vscode\bikube\app\Filament\Resources\LoyaltyBalanceResource\Pages\CreateLoyaltyBalance.php","PENDING",""
"resource","C:\home\vscode\bikube\app\Filament\Resources\LoyaltyBalanceResource\Pages\EditLoyaltyBalance.php","PENDING",""
"resource","C:\home\vscode\bikube\app\Filament\Resources\LoyaltyBalanceResource\Pages\ListLoyaltyBalances.php","PENDING",""
"resource","C:\home\vscode\bikube\app\Filament\Resources\LoyaltyBalanceResource\Pages\ManageLoyaltyPoints.php","PENDING",""
"resource","C:\home\vscode\bikube\app\Filament\Resources\LoyaltyBalanceResource\RelationManagers\TransactionsRelationManager.php","PENDING",""
"resource","C:\home\vscode\bikube\app\Filament\Resources\LoyaltyTransactionResource\Pages\CreateLoyaltyTransaction.php","PENDING",""
"resource","C:\home\vscode\bikube\app\Filament\Resources\LoyaltyTransactionResource\Pages\EditLoyaltyTransaction.php","PENDING",""
"resource","C:\home\vscode\bikube\app\Filament\Resources\LoyaltyTransactionResource\Pages\ListLoyaltyTransactions.php","PENDING",""
"resource","C:\home\vscode\bikube\app\Filament\Resources\Moving\ExecutorProfileResource\Pages\CreateExecutorProfile.php","PENDING",""
"resource","C:\home\vscode\bikube\app\Filament\Resources\Moving\ExecutorProfileResource\Pages\EditExecutorProfile.php","PENDING",""
"resource","C:\home\vscode\bikube\app\Filament\Resources\Moving\ExecutorProfileResource\Pages\ListExecutorProfiles.php","PENDING",""
"resource","C:\home\vscode\bikube\app\Filament\Resources\Moving\ExecutorProfileResource\Pages\ViewExecutorProfile.php","PENDING",""
"resource","C:\home\vscode\bikube\app\Filament\Resources\Moving\MovingItemResource\Pages\CreateMovingItem.php","PENDING",""
"resource","C:\home\vscode\bikube\app\Filament\Resources\Moving\MovingItemResource\Pages\EditMovingItem.php","PENDING",""
"resource","C:\home\vscode\bikube\app\Filament\Resources\Moving\MovingItemResource\Pages\ListMovingItems.php","PENDING",""
"resource","C:\home\vscode\bikube\app\Filament\Resources\Moving\MovingOrderPhotoResource\Pages\CreateMovingOrderPhoto.php","PENDING",""
"resource","C:\home\vscode\bikube\app\Filament\Resources\Moving\MovingOrderPhotoResource\Pages\EditMovingOrderPhoto.php","PENDING",""
"resource","C:\home\vscode\bikube\app\Filament\Resources\Moving\MovingOrderPhotoResource\Pages\ListMovingOrderPhotos.php","PENDING",""
"resource","C:\home\vscode\bikube\app\Filament\Resources\Moving\MovingOrderResource\Pages\CreateMovingOrder.php","PENDING",""
"resource","C:\home\vscode\bikube\app\Filament\Resources\Moving\MovingOrderResource\Pages\EditMovingOrder.php","PENDING",""
"resource","C:\home\vscode\bikube\app\Filament\Resources\Moving\MovingOrderResource\Pages\ListMovingOrders.php","PENDING",""
"resource","C:\home\vscode\bikube\app\Filament\Resources\Moving\MovingOrderResource\Pages\ViewMovingOrder.php","PENDING",""
"resource","C:\home\vscode\bikube\app\Filament\Resources\Moving\MovingOrderResource\RelationManagers\ItemsRelationManager.php","PENDING",""
"resource","C:\home\vscode\bikube\app\Filament\Resources\Moving\MovingOrderResource\RelationManagers\PhotosRelationManager.php","PENDING",""
"resource","C:\home\vscode\bikube\app\Filament\Resources\Moving\MovingOrderTaskResource\Pages\CreateMovingOrderTask.php","PENDING",""
"resource","C:\home\vscode\bikube\app\Filament\Resources\Moving\MovingOrderTaskResource\Pages\EditMovingOrderTask.php","PENDING",""
"resource","C:\home\vscode\bikube\app\Filament\Resources\Moving\MovingOrderTaskResource\Pages\ListMovingOrderTasks.php","PENDING",""
"resource","C:\home\vscode\bikube\app\Filament\Resources\Moving\TeamResource\Pages\CreateTeam.php","PENDING",""
"resource","C:\home\vscode\bikube\app\Filament\Resources\Moving\TeamResource\Pages\EditTeam.php","PENDING",""
"resource","C:\home\vscode\bikube\app\Filament\Resources\Moving\TeamResource\Pages\ListTeams.php","PENDING",""
"resource","C:\home\vscode\bikube\app\Filament\Resources\Moving\TeamResource\Pages\ViewTeam.php","PENDING",""
"resource","C:\home\vscode\bikube\app\Filament\Resources\Moving\TeamResource\RelationManagers\MovingOrdersRelationManager.php","PENDING",""
"resource","C:\home\vscode\bikube\app\Filament\Resources\Moving\ExecutorProfileResource.php","PENDING",""
"resource","C:\home\vscode\bikube\app\Filament\Resources\Moving\MovingItemResource.php","PENDING",""
"resource","C:\home\vscode\bikube\app\Filament\Resources\Moving\MovingOrderPhotoResource.php","PENDING",""
"resource","C:\home\vscode\bikube\app\Filament\Resources\Moving\MovingOrderResource.php","PENDING",""
"resource","C:\home\vscode\bikube\app\Filament\Resources\Moving\MovingOrderTaskResource.php","PENDING",""
"resource","C:\home\vscode\bikube\app\Filament\Resources\Moving\TeamResource.php","PENDING",""
"resource","C:\home\vscode\bikube\app\Filament\Resources\OperationExceptionResource\Pages\ListOperationExceptions.php","PENDING",""
"resource","C:\home\vscode\bikube\app\Filament\Resources\OperationExceptionResource\Pages\ViewOperationException.php","PENDING",""
"resource","C:\home\vscode\bikube\app\Filament\Resources\OrderResource\Pages\CreateOrder.php","PENDING",""
"resource","C:\home\vscode\bikube\app\Filament\Resources\OrderResource\Pages\EditOrder.php","PENDING",""
"resource","C:\home\vscode\bikube\app\Filament\Resources\OrderResource\Pages\ListOrders.php","PENDING",""
"resource","C:\home\vscode\bikube\app\Filament\Resources\OrderResource\Pages\ViewOrder.php","PENDING",""
"resource","C:\home\vscode\bikube\app\Filament\Resources\OrderResource\RelationManagers\HandymanAssignmentsRelationManager.php","PENDING",""
"resource","C:\home\vscode\bikube\app\Filament\Resources\OrderResource\RelationManagers\SubOrdersRelationManager.php","PENDING",""
"resource","C:\home\vscode\bikube\app\Filament\Resources\PartnerResource\Pages\CreatePartner.php","PENDING",""
"resource","C:\home\vscode\bikube\app\Filament\Resources\PartnerResource\Pages\EditPartner.php","PENDING",""
"resource","C:\home\vscode\bikube\app\Filament\Resources\PartnerResource\Pages\ListPartners.php","PENDING",""
"resource","C:\home\vscode\bikube\app\Filament\Resources\PartnerResource\Pages\ViewPartner.php","PENDING",""
"resource","C:\home\vscode\bikube\app\Filament\Resources\PartnerResource\RelationManagers\ApiKeysRelationManager.php","PENDING",""
"resource","C:\home\vscode\bikube\app\Filament\Resources\PartnerResource\RelationManagers\AuditsRelationManager.php","PENDING",""
"resource","C:\home\vscode\bikube\app\Filament\Resources\PartnerResource\RelationManagers\ContactsRelationManager.php","PENDING",""
"resource","C:\home\vscode\bikube\app\Filament\Resources\PartnerResource\RelationManagers\ContractsRelationManager.php","PENDING",""
"resource","C:\home\vscode\bikube\app\Filament\Resources\PartnerResource\RelationManagers\ServicesRelationManager.php","PENDING",""
"resource","C:\home\vscode\bikube\app\Filament\Resources\PartnerResource\RelationManagers\WebhookLogsRelationManager.php","PENDING",""
"resource","C:\home\vscode\bikube\app\Filament\Resources\PartnerResource\RelationManagers\ZonesRelationManager.php","PENDING",""
"resource","C:\home\vscode\bikube\app\Filament\Resources\PaymentSettingResource\Pages\CreatePaymentSetting.php","PENDING",""
"resource","C:\home\vscode\bikube\app\Filament\Resources\PaymentSettingResource\Pages\EditPaymentSetting.php","PENDING",""
"resource","C:\home\vscode\bikube\app\Filament\Resources\PaymentSettingResource\Pages\ListPaymentSettings.php","PENDING",""
"resource","C:\home\vscode\bikube\app\Filament\Resources\PayoutResource\Pages\CreatePayout.php","PENDING",""
"resource","C:\home\vscode\bikube\app\Filament\Resources\PayoutResource\Pages\EditPayout.php","PENDING",""
"resource","C:\home\vscode\bikube\app\Filament\Resources\PayoutResource\Pages\ListPayouts.php","PENDING",""
"resource","C:\home\vscode\bikube\app\Filament\Resources\PriceEstimateLogResource\Pages\CreatePriceEstimateLog.php","PENDING",""
"resource","C:\home\vscode\bikube\app\Filament\Resources\PriceEstimateLogResource\Pages\EditPriceEstimateLog.php","PENDING",""
"resource","C:\home\vscode\bikube\app\Filament\Resources\PriceEstimateLogResource\Pages\ListPriceEstimateLogs.php","PENDING",""
"resource","C:\home\vscode\bikube\app\Filament\Resources\PriceEstimateLogResource\Pages\ViewPriceEstimateLog.php","PENDING",""
"resource","C:\home\vscode\bikube\app\Filament\Resources\PriceEstimateLogResource\Widgets\PriceEstimateLogsOverviewWidget.php","PENDING",""
"resource","C:\home\vscode\bikube\app\Filament\Resources\PricingRuleResource\Pages\CreatePricingRule.php","PENDING",""
"resource","C:\home\vscode\bikube\app\Filament\Resources\PricingRuleResource\Pages\EditPricingRule.php","PENDING",""
"resource","C:\home\vscode\bikube\app\Filament\Resources\PricingRuleResource\Pages\ListPricingRules.php","PENDING",""
"resource","C:\home\vscode\bikube\app\Filament\Resources\PricingRuleResource\Pages\ViewPricingRule.php","PENDING",""
"resource","C:\home\vscode\bikube\app\Filament\Resources\RepairProjectResource\Pages\CreateRepairProject.php","PENDING",""
"resource","C:\home\vscode\bikube\app\Filament\Resources\RepairProjectResource\Pages\EditRepairProject.php","PENDING",""
"resource","C:\home\vscode\bikube\app\Filament\Resources\RepairProjectResource\Pages\ListRepairProjects.php","PENDING",""
"resource","C:\home\vscode\bikube\app\Filament\Resources\RepairProjectResource\Pages\ProjectDashboard.php","PENDING",""
"resource","C:\home\vscode\bikube\app\Filament\Resources\RepairProjectResource\RelationManagers\ClaimsRelationManager.php","PENDING",""
"resource","C:\home\vscode\bikube\app\Filament\Resources\RepairProjectResource\RelationManagers\RepairMediaRelationManager.php","PENDING",""
"resource","C:\home\vscode\bikube\app\Filament\Resources\RepairProjectResource\RelationManagers\RepairUpdatesRelationManager.php","PENDING",""
"resource","C:\home\vscode\bikube\app\Filament\Resources\RepairProjectResource\RelationManagers\StagesRelationManager.php","PENDING",""
"resource","C:\home\vscode\bikube\app\Filament\Resources\RepairProjectResource\RelationManagers\TeamMembersRelationManager.php","PENDING",""
"resource","C:\home\vscode\bikube\app\Filament\Resources\RepairProjectResource\RelationManagers\WorkWarrantiesRelationManager.php","PENDING",""
"resource","C:\home\vscode\bikube\app\Filament\Resources\RepairStageResource\Pages\CreateRepairStage.php","PENDING",""
"resource","C:\home\vscode\bikube\app\Filament\Resources\RepairStageResource\Pages\EditRepairStage.php","PENDING",""
"resource","C:\home\vscode\bikube\app\Filament\Resources\RepairStageResource\Pages\ListRepairStages.php","PENDING",""
"resource","C:\home\vscode\bikube\app\Filament\Resources\RepairTeamMemberResource\Pages\CreateRepairTeamMember.php","PENDING",""
"resource","C:\home\vscode\bikube\app\Filament\Resources\RepairTeamMemberResource\Pages\EditRepairTeamMember.php","PENDING",""
"resource","C:\home\vscode\bikube\app\Filament\Resources\RepairTeamMemberResource\Pages\ListRepairTeamMembers.php","PENDING",""
"resource","C:\home\vscode\bikube\app\Filament\Resources\RestaurantResource\Pages\CreateRestaurant.php","PENDING",""
"resource","C:\home\vscode\bikube\app\Filament\Resources\RestaurantResource\Pages\EditRestaurant.php","PENDING",""
"resource","C:\home\vscode\bikube\app\Filament\Resources\RestaurantResource\Pages\ListRestaurants.php","PENDING",""
"resource","C:\home\vscode\bikube\app\Filament\Resources\RetailStoreResource\Pages\CreateRetailStore.php","PENDING",""
"resource","C:\home\vscode\bikube\app\Filament\Resources\RetailStoreResource\Pages\EditRetailStore.php","PENDING",""
"resource","C:\home\vscode\bikube\app\Filament\Resources\RetailStoreResource\Pages\ListRetailStores.php","PENDING",""
"resource","C:\home\vscode\bikube\app\Filament\Resources\RoadHelperProfileResource\Pages\CreateRoadHelperProfile.php","PENDING",""
"resource","C:\home\vscode\bikube\app\Filament\Resources\RoadHelperProfileResource\Pages\EditRoadHelperProfile.php","PENDING",""
"resource","C:\home\vscode\bikube\app\Filament\Resources\RoadHelperProfileResource\Pages\ListRoadHelperProfiles.php","PENDING",""
"resource","C:\home\vscode\bikube\app\Filament\Resources\RoadsideEmergencyResource\Pages\CreateRoadsideEmergency.php","PENDING",""
"resource","C:\home\vscode\bikube\app\Filament\Resources\RoadsideEmergencyResource\Pages\EditRoadsideEmergency.php","PENDING",""
"resource","C:\home\vscode\bikube\app\Filament\Resources\RoadsideEmergencyResource\Pages\ListRoadsideEmergencies.php","PENDING",""
"resource","C:\home\vscode\bikube\app\Filament\Resources\RoadsidePartnerResource\Pages\CreateRoadsidePartner.php","PENDING",""
"resource","C:\home\vscode\bikube\app\Filament\Resources\RoadsidePartnerResource\Pages\EditRoadsidePartner.php","PENDING",""
"resource","C:\home\vscode\bikube\app\Filament\Resources\RoadsidePartnerResource\Pages\ListRoadsidePartners.php","PENDING",""
"resource","C:\home\vscode\bikube\app\Filament\Resources\RoadsidePresetResource\Pages\CreateRoadsidePreset.php","PENDING",""
"resource","C:\home\vscode\bikube\app\Filament\Resources\RoadsidePresetResource\Pages\EditRoadsidePreset.php","PENDING",""
"resource","C:\home\vscode\bikube\app\Filament\Resources\RoadsidePresetResource\Pages\ListRoadsidePresets.php","PENDING",""
"resource","C:\home\vscode\bikube\app\Filament\Resources\ScheduleSlotResource\Pages\CreateScheduleSlot.php","PENDING",""
"resource","C:\home\vscode\bikube\app\Filament\Resources\ScheduleSlotResource\Pages\EditScheduleSlot.php","PENDING",""
"resource","C:\home\vscode\bikube\app\Filament\Resources\ScheduleSlotResource\Pages\ListScheduleSlots.php","PENDING",""
"resource","C:\home\vscode\bikube\app\Filament\Resources\ScheduleSlotResource\Pages\ViewScheduleSlot.php","PENDING",""
"resource","C:\home\vscode\bikube\app\Filament\Resources\ScheduleSlotResource\RelationManagers\EmployeesRelationManager.php","PENDING",""
"resource","C:\home\vscode\bikube\app\Filament\Resources\ScheduleSlotResource\RelationManagers\OrdersRelationManager.php","PENDING",""
"resource","C:\home\vscode\bikube\app\Filament\Resources\ServiceCategoryResource\Pages\CreateServiceCategory.php","PENDING",""
"resource","C:\home\vscode\bikube\app\Filament\Resources\ServiceCategoryResource\Pages\EditServiceCategory.php","PENDING",""
"resource","C:\home\vscode\bikube\app\Filament\Resources\ServiceCategoryResource\Pages\ListServiceCategories.php","PENDING",""
"resource","C:\home\vscode\bikube\app\Filament\Resources\ServiceCategoryResource\Widgets\CategoriesOverviewWidget.php","PENDING",""
"resource","C:\home\vscode\bikube\app\Filament\Resources\ServiceCategoryResource\Widgets\CategoryServicesWidget.php","PENDING",""
"resource","C:\home\vscode\bikube\app\Filament\Resources\ServiceCategoryResource\Widgets\CategoryStatsWidget.php","PENDING",""
"resource","C:\home\vscode\bikube\app\Filament\Resources\ServiceJobResource\Pages\ListServiceJobs.php","PENDING",""
"resource","C:\home\vscode\bikube\app\Filament\Resources\ServiceJobResource\Pages\ViewServiceJob.php","PENDING",""
"resource","C:\home\vscode\bikube\app\Filament\Resources\ServiceTypeResource\Pages\CreateServiceType.php","PENDING",""
"resource","C:\home\vscode\bikube\app\Filament\Resources\ServiceTypeResource\Pages\EditServiceType.php","PENDING",""
"resource","C:\home\vscode\bikube\app\Filament\Resources\ServiceTypeResource\Pages\ListServiceTypes.php","PENDING",""
"resource","C:\home\vscode\bikube\app\Filament\Resources\ShopResource\Pages\CreateShop.php","PENDING",""
"resource","C:\home\vscode\bikube\app\Filament\Resources\ShopResource\Pages\EditShop.php","PENDING",""
"resource","C:\home\vscode\bikube\app\Filament\Resources\ShopResource\Pages\ListShops.php","PENDING",""
"resource","C:\home\vscode\bikube\app\Filament\Resources\SocialCareOrderResource\Pages\EditSocialCareOrder.php","PENDING",""
"resource","C:\home\vscode\bikube\app\Filament\Resources\SocialCareOrderResource\Pages\ListSocialCareOrders.php","PENDING",""
"resource","C:\home\vscode\bikube\app\Filament\Resources\SocialCareOrderResource\Pages\ViewSocialCareOrder.php","PENDING",""
"resource","C:\home\vscode\bikube\app\Filament\Resources\SocialCareOrderResource\RelationManagers\VisitReportsRelationManager.php","PENDING",""
"resource","C:\home\vscode\bikube\app\Filament\Resources\SocialHelperProfileResource\Pages\CreateSocialHelperProfile.php","PENDING",""
"resource","C:\home\vscode\bikube\app\Filament\Resources\SocialHelperProfileResource\Pages\EditSocialHelperProfile.php","PENDING",""
"resource","C:\home\vscode\bikube\app\Filament\Resources\SocialHelperProfileResource\Pages\ListSocialHelperProfiles.php","PENDING",""
"resource","C:\home\vscode\bikube\app\Filament\Resources\SocialHelperProfileResource\Pages\ViewSocialHelperProfile.php","PENDING",""
"resource","C:\home\vscode\bikube\app\Filament\Resources\SupportTicketResource\Pages\EditSupportTicket.php","PENDING",""
"resource","C:\home\vscode\bikube\app\Filament\Resources\SupportTicketResource\Pages\ListSupportTickets.php","PENDING",""
"resource","C:\home\vscode\bikube\app\Filament\Resources\SupportTicketResource\Pages\ViewSupportTicket.php","PENDING",""
"resource","C:\home\vscode\bikube\app\Filament\Resources\SupportTicketResource\RelationManagers\MessagesRelationManager.php","PENDING",""
"resource","C:\home\vscode\bikube\app\Filament\Resources\SupportTicketResource\Widgets\SupportTicketsOverviewWidget.php","PENDING",""
"resource","C:\home\vscode\bikube\app\Filament\Resources\SupportTicketResource\Widgets\TicketStatsWidget.php","PENDING",""
"resource","C:\home\vscode\bikube\app\Filament\Resources\TaskResource\Pages\CreateTask.php","PENDING",""
"resource","C:\home\vscode\bikube\app\Filament\Resources\TaskResource\Pages\EditTask.php","PENDING",""
"resource","C:\home\vscode\bikube\app\Filament\Resources\TaskResource\Pages\ListTasks.php","PENDING",""
"resource","C:\home\vscode\bikube\app\Filament\Resources\TaskResource\Relations\TaskEventsRelationManager.php","PENDING",""
"resource","C:\home\vscode\bikube\app\Filament\Resources\UserResource\Pages\CreateUser.php","PENDING",""
"resource","C:\home\vscode\bikube\app\Filament\Resources\UserResource\Pages\EditUser.php","PENDING",""
"resource","C:\home\vscode\bikube\app\Filament\Resources\UserResource\Pages\ListUsers.php","PENDING",""
"resource","C:\home\vscode\bikube\app\Filament\Resources\UserResource\RelationManagers\ClassifiedAdsRelationManager.php","PENDING",""
"resource","C:\home\vscode\bikube\app\Filament\Resources\VehicleInspectionPresetResource\Pages\CreateVehicleInspectionPreset.php","PENDING",""
"resource","C:\home\vscode\bikube\app\Filament\Resources\VehicleInspectionPresetResource\Pages\EditVehicleInspectionPreset.php","PENDING",""
"resource","C:\home\vscode\bikube\app\Filament\Resources\VehicleInspectionPresetResource\Pages\ListVehicleInspectionPresets.php","PENDING",""
"resource","C:\home\vscode\bikube\app\Filament\Resources\VehicleInspectionRequestResource\Pages\CreateVehicleInspectionRequest.php","PENDING",""
"resource","C:\home\vscode\bikube\app\Filament\Resources\VehicleInspectionRequestResource\Pages\EditVehicleInspectionRequest.php","PENDING",""
"resource","C:\home\vscode\bikube\app\Filament\Resources\VehicleInspectionRequestResource\Pages\ListVehicleInspectionRequests.php","PENDING",""
"resource","C:\home\vscode\bikube\app\Filament\Resources\VirtualOffice\AgentResource\Pages\CreateAgent.php","PENDING",""
"resource","C:\home\vscode\bikube\app\Filament\Resources\VirtualOffice\AgentResource\Pages\EditAgent.php","PENDING",""
"resource","C:\home\vscode\bikube\app\Filament\Resources\VirtualOffice\AgentResource\Pages\ListAgents.php","PENDING",""
"resource","C:\home\vscode\bikube\app\Filament\Resources\VirtualOffice\AgentResource\Pages\ViewAgent.php","PENDING",""
"resource","C:\home\vscode\bikube\app\Filament\Resources\VirtualOffice\AgentResource.php","PENDING",""
"resource","C:\home\vscode\bikube\app\Filament\Resources\WebhookLogResource\Pages\ListWebhookLogs.php","PENDING",""
"resource","C:\home\vscode\bikube\app\Filament\Resources\WebhookLogResource\Pages\ViewWebhookLog.php","PENDING",""
"resource","C:\home\vscode\bikube\app\Filament\Resources\WorkSpecificationResource\Pages\CreateWorkSpecification.php","PENDING",""
"resource","C:\home\vscode\bikube\app\Filament\Resources\WorkSpecificationResource\Pages\EditWorkSpecification.php","PENDING",""
"resource","C:\home\vscode\bikube\app\Filament\Resources\WorkSpecificationResource\Pages\ListWorkSpecifications.php","PENDING",""
"resource","C:\home\vscode\bikube\app\Filament\Resources\WorkSpecificationResource\RelationManagers\ReviewsRelationManager.php","PENDING",""
"resource","C:\home\vscode\bikube\app\Filament\Resources\WorkWarrantyResource\Pages\CreateWorkWarranty.php","PENDING",""
"resource","C:\home\vscode\bikube\app\Filament\Resources\WorkWarrantyResource\Pages\EditWorkWarranty.php","PENDING",""
"resource","C:\home\vscode\bikube\app\Filament\Resources\WorkWarrantyResource\Pages\ListWorkWarranties.php","PENDING",""
"resource","C:\home\vscode\bikube\app\Filament\Resources\AdCategoryResource.php","PENDING",""
"resource","C:\home\vscode\bikube\app\Filament\Resources\AdFeatureResource.php","PENDING",""
"resource","C:\home\vscode\bikube\app\Filament\Resources\AdImportResource.php","PENDING",""
"resource","C:\home\vscode\bikube\app\Filament\Resources\AdminIpRuleResource.php","PENDING",""
"resource","C:\home\vscode\bikube\app\Filament\Resources\AnalyticsResource.php","PENDING",""
"resource","C:\home\vscode\bikube\app\Filament\Resources\ApiKeyResource.php","PENDING",""
"resource","C:\home\vscode\bikube\app\Filament\Resources\AssistantConversationResource.php","PENDING",""
"resource","C:\home\vscode\bikube\app\Filament\Resources\CarePlanResource.php","PENDING",""
"resource","C:\home\vscode\bikube\app\Filament\Resources\CareServiceResource.php","PENDING",""
"resource","C:\home\vscode\bikube\app\Filament\Resources\ClaimResource.php","PENDING",""
"resource","C:\home\vscode\bikube\app\Filament\Resources\ClassifiedAdResource.php","PENDING",""
"resource","C:\home\vscode\bikube\app\Filament\Resources\ClientProfileResource.php","PENDING",""
"resource","C:\home\vscode\bikube\app\Filament\Resources\CommunityPointsBalanceResource.php","PENDING",""
"resource","C:\home\vscode\bikube\app\Filament\Resources\CouponResource.php","PENDING",""
"resource","C:\home\vscode\bikube\app\Filament\Resources\DeliveryOrderResource.php","PENDING",""
"resource","C:\home\vscode\bikube\app\Filament\Resources\DeliveryZoneResource.php","PENDING",""
"resource","C:\home\vscode\bikube\app\Filament\Resources\DispatchRuleSetResource.php","PENDING",""
"resource","C:\home\vscode\bikube\app\Filament\Resources\DisposalItemResource.php","PENDING",""
"resource","C:\home\vscode\bikube\app\Filament\Resources\DisposalPartnerResource.php","PENDING",""
"resource","C:\home\vscode\bikube\app\Filament\Resources\EcoCertificateResource.php","PENDING",""
"resource","C:\home\vscode\bikube\app\Filament\Resources\EcoTeamResource.php","PENDING",""
"resource","C:\home\vscode\bikube\app\Filament\Resources\EmployeeResource.php","PENDING",""
"resource","C:\home\vscode\bikube\app\Filament\Resources\EnhancementScript.php","PENDING",""
"resource","C:\home\vscode\bikube\app\Filament\Resources\ErrandOrderDetailsResource.php","PENDING",""
"resource","C:\home\vscode\bikube\app\Filament\Resources\ErrandTaskResource.php","PENDING",""
"resource","C:\home\vscode\bikube\app\Filament\Resources\ExecutorBreakResource.php","PENDING",""
"resource","C:\home\vscode\bikube\app\Filament\Resources\ExecutorShiftResource.php","PENDING",""
"resource","C:\home\vscode\bikube\app\Filament\Resources\FeatureFlagResource.php","PENDING",""
"resource","C:\home\vscode\bikube\app\Filament\Resources\GeoZoneResource.php","PENDING",""
"resource","C:\home\vscode\bikube\app\Filament\Resources\HandymanAssignmentResource.php","PENDING",""
"resource","C:\home\vscode\bikube\app\Filament\Resources\HandymanMaterialsEntryResource.php","PENDING",""
"resource","C:\home\vscode\bikube\app\Filament\Resources\LoyaltyBalanceResource.php","PENDING",""
"resource","C:\home\vscode\bikube\app\Filament\Resources\LoyaltyTransactionResource.php","PENDING",""
"resource","C:\home\vscode\bikube\app\Filament\Resources\OperationExceptionResource.php","PENDING",""
"resource","C:\home\vscode\bikube\app\Filament\Resources\OrderResource.php","PENDING",""
"resource","C:\home\vscode\bikube\app\Filament\Resources\PartnerResource.php","PENDING",""
"resource","C:\home\vscode\bikube\app\Filament\Resources\PaymentSettingResource.php","PENDING",""
"resource","C:\home\vscode\bikube\app\Filament\Resources\PayoutResource.php","PENDING",""
"resource","C:\home\vscode\bikube\app\Filament\Resources\PriceEstimateLogResource.php","PENDING",""
"resource","C:\home\vscode\bikube\app\Filament\Resources\PricingRuleResource.php","PENDING",""
"resource","C:\home\vscode\bikube\app\Filament\Resources\RepairProjectResource.php","PENDING",""
"resource","C:\home\vscode\bikube\app\Filament\Resources\RepairStageResource.php","PENDING",""
"resource","C:\home\vscode\bikube\app\Filament\Resources\RepairTeamMemberResource.php","PENDING",""
"resource","C:\home\vscode\bikube\app\Filament\Resources\RestaurantResource.php","PENDING",""
"resource","C:\home\vscode\bikube\app\Filament\Resources\RetailStoreResource.php","PENDING",""
"resource","C:\home\vscode\bikube\app\Filament\Resources\RoadHelperProfileResource.php","PENDING",""
"resource","C:\home\vscode\bikube\app\Filament\Resources\RoadsideEmergencyResource.php","PENDING",""
"resource","C:\home\vscode\bikube\app\Filament\Resources\RoadsidePartnerResource.php","PENDING",""
"resource","C:\home\vscode\bikube\app\Filament\Resources\RoadsidePresetResource.php","PENDING",""
"resource","C:\home\vscode\bikube\app\Filament\Resources\ScheduleSlotResource.php","PENDING",""
"resource","C:\home\vscode\bikube\app\Filament\Resources\ServiceCategoryResource.php","PENDING",""
"resource","C:\home\vscode\bikube\app\Filament\Resources\ServiceJobResource.php","PENDING",""
"resource","C:\home\vscode\bikube\app\Filament\Resources\ServiceTypeResource.php","PENDING",""
"resource","C:\home\vscode\bikube\app\Filament\Resources\ShopResource.php","PENDING",""
"resource","C:\home\vscode\bikube\app\Filament\Resources\SocialCareOrderResource.php","PENDING",""
"resource","C:\home\vscode\bikube\app\Filament\Resources\SocialHelperProfileResource.php","PENDING",""
"resource","C:\home\vscode\bikube\app\Filament\Resources\SupportTicketResource.php","PENDING",""
"resource","C:\home\vscode\bikube\app\Filament\Resources\TaskResource.php","PENDING",""
"resource","C:\home\vscode\bikube\app\Filament\Resources\UserResource.php","PENDING",""
"resource","C:\home\vscode\bikube\app\Filament\Resources\VehicleInspectionPresetResource.php","PENDING",""
"resource","C:\home\vscode\bikube\app\Filament\Resources\VehicleInspectionRequestResource.php","PENDING",""
"resource","C:\home\vscode\bikube\app\Filament\Resources\WebhookLogResource.php","PENDING",""
"resource","C:\home\vscode\bikube\app\Filament\Resources\WorkSpecificationResource.php","PENDING",""
"resource","C:\home\vscode\bikube\app\Filament\Resources\WorkWarrantyResource.php","PENDING",""
