file,line,expression
"routes\web.php","32","Route::get('/', [HomeController::class, 'index'])->name('home');"
"routes\web.php","35","Route::redirect('/admin/obshhenieskomandoiii-agentov', '/admin/a-i-agent-team-chat', 302);"
"routes\web.php","38","Route::match(['GET', 'POST'], 'account/new/{any?}', function () {"
"routes\web.php","43","Route::middleware(['auth'])"
"routes\web.php","47","        Route::get('/', [\App\Http\Controllers\Lk\DashboardController::class, 'index'])->name('dashboard');"
"routes\web.php","48","        Route::get('/dashboard/refresh', [\App\Http\Controllers\Lk\DashboardController::class, 'refresh'])->name('dashboard.refresh');"
"routes\web.php","51","        Route::get('/orders', [\App\Http\Controllers\Lk\OrderController::class, 'index'])->name('orders.index');"
"routes\web.php","52","        Route::get('/orders/{order}', [\App\Http\Controllers\Lk\OrderController::class, 'show'])->name('orders.show');"
"routes\web.php","53","        Route::post('/orders/{order}/action', [\App\Http\Controllers\Lk\OrderActionController::class, 'handle'])->name('orders.action');"
"routes\web.php","56","        Route::get('/wallet', [\App\Http\Controllers\Lk\WalletController::class, 'index'])->name('wallet');"
"routes\web.php","57","        Route::post('/wallet/request-payout', [\App\Http\Controllers\Lk\WalletController::class, 'requestPayout'])->name('wallet.request-payout');"
"routes\web.php","60","        Route::get('/settings', [\App\Http\Controllers\Lk\SettingsController::class, 'index'])->name('settings');"
"routes\web.php","61","        Route::post('/settings', [\App\Http\Controllers\Lk\SettingsController::class, 'update'])->name('settings.update');"
"routes\web.php","64","        Route::get('/notifications', [\App\Http\Controllers\Lk\NotificationController::class, 'index'])->name('notifications');"
"routes\web.php","65","        Route::post('/notifications/{id}/read', [\App\Http\Controllers\Lk\NotificationController::class, 'markAsRead'])->name('notifications.read');"
"routes\web.php","66","        Route::post('/notifications/read-all', [\App\Http\Controllers\Lk\NotificationController::class, 'markAllAsRead'])->name('notifications.read-all');"
"routes\web.php","69","        Route::get('/profile', [\App\Http\Controllers\Lk\ProfileController::class, 'index'])->name('profile');"
"routes\web.php","70","        Route::post('/profile', [\App\Http\Controllers\Lk\ProfileController::class, 'update'])->name('profile.update');"
"routes\web.php","73","        Route::post('/assistant/message', [\App\Http\Controllers\Lk\AssistantController::class, 'message'])->name('assistant.message');"
"routes\web.php","76","        Route::get('/schedule', [\App\Http\Controllers\Lk\ScheduleController::class, 'index'])->name('schedule');"
"routes\web.php","77","        Route::post('/schedule/update-availability', [\App\Http\Controllers\Lk\ScheduleController::class, 'updateAvailability'])->name('schedule.update-availability');"
"routes\web.php","80","        Route::get('/roadside-jobs', [\App\Http\Controllers\Lk\RoadsideJobController::class, 'index'])->name('roadside-jobs.index');"
"routes\web.php","81","        Route::get('/roadside-jobs/{job}', [\App\Http\Controllers\Lk\RoadsideJobController::class, 'show'])->name('roadside-jobs.show');"
"routes\web.php","82","        Route::post('/roadside-jobs/{job}/action', [\App\Http\Controllers\Lk\RoadsideJobActionController::class, 'handle'])->name('roadside-jobs.action');"
"routes\web.php","85","        Route::get('/support', [\App\Http\Controllers\Lk\SupportController::class, 'index'])->name('support');"
"routes\web.php","86","        Route::post('/support/tickets', [\App\Http\Controllers\Lk\SupportController::class, 'store'])->name('support.tickets.store');"
"routes\web.php","87","        Route::get('/support/tickets/{ticket}', [\App\Http\Controllers\Lk\SupportController::class, 'show'])->name('support.tickets.show');"
"routes\web.php","88","        Route::post('/support/tickets/{ticket}/messages', [\App\Http\Controllers\Lk\SupportController::class, 'addMessage'])->name('support.tickets.messages.store');"
"routes\web.php","91","        Route::post('/worker/status', [\App\Http\Controllers\Lk\WorkerStatusController::class, 'update'])->name('worker.status');"
"routes\web.php","94","        Route::get('/executor/jobs', [\App\Http\Controllers\Lk\ExecutorJobsController::class, 'index'])->name('executor.jobs.index');"
"routes\web.php","95","        Route::get('/executor/jobs/{assignment}', [\App\Http\Controllers\Lk\ExecutorJobsController::class, 'show'])->name('executor.jobs.show');"
"routes\web.php","96","        Route::post('/executor/jobs/{assignment}/accept', [\App\Http\Controllers\Lk\ExecutorJobsController::class, 'accept'])->name('executor.jobs.accept');"
"routes\web.php","97","        Route::post('/executor/jobs/{assignment}/decline', [\App\Http\Controllers\Lk\ExecutorJobsController::class, 'decline'])->name('executor.jobs.decline');"
"routes\web.php","98","        Route::post('/executor/jobs/{assignment}/status', [\App\Http\Controllers\Lk\ExecutorJobsController::class, 'updateStatus'])->name('executor.jobs.status');"
"routes\web.php","102","Route::get('/classifieds', [\App\Http\Controllers\ClassifiedsIndexController::class, 'index'])->name('classifieds.index');"
"routes\web.php","105","Route::get('/classifieds/{ad:slug}', function (ClassifiedAd $ad) {"
"routes\web.php","114","Route::get('/shops/{slug}', \App\Livewire\ShopProfile::class)->name('shops.show');"
"routes\web.php","117","Route::get('/sitemap-classifieds.xml', [\App\Modules\Classifieds\Controllers\SitemapController::class, 'index']);"
"routes\web.php","119","Route::get('/catalog', [PublicController::class, 'catalog'])->name('public.catalog.index');"
"routes\web.php","121","Route::get('/category/assistant', fn () => redirect()->route('public.category', ['slug' => 'personal-task']));"
"routes\web.php","122","Route::get('/category/roadside', fn () => redirect()->route('public.category', ['slug' => 'tow']));"
"routes\web.php","123","Route::get('/category/care', fn () => redirect()->route('public.category', ['slug' => 'social-help']));"
"routes\web.php","124","Route::get('/category/food', [PublicController::class, 'food'])->name('public.category.food');"
"routes\web.php","125","Route::get('/category/gfl', fn () => redirect()->route('public.restaurants.index'))->name('public.category.gfl');"
"routes\web.php","127","Route::get('/category/classifieds', fn () => redirect()->route('classifieds.index'))->name('public.category.classifieds');"
"routes\web.php","128","Route::get('/category', fn () => view('public.categories'))->name('public.categories');"
"routes\web.php","129","Route::get('/category/{slug}', [PublicController::class, 'category'])->name('public.category');"
"routes\web.php","130","Route::get('/catalog/{categoryCode}', [PublicController::class, 'categoryServices'])->name('catalog.category');"
"routes\web.php","131","Route::get('/order/{serviceCode}', [PublicController::class, 'orderForm'])->name('order.form');"
"routes\web.php","132","Route::get('/service/{slug}', [PublicController::class, 'service'])->name('public.service');"
"routes\web.php","135","Route::get('/assistant', fn () => redirect()->route('public.category', ['slug' => 'personal-task']))->name('assistant');"
"routes\web.php","136","Route::get('/roadside', fn () => redirect()->route('public.category', ['slug' => 'tow']))->name('roadside');"
"routes\web.php","137","Route::get('/delivery', fn () => redirect()->route('public.category', ['slug' => 'delivery']))->name('delivery');"
"routes\web.php","138","Route::get('/eco', fn () => redirect()->route('public.category', ['slug' => 'eco']))->name('eco');"
"routes\web.php","139","Route::get('/moving', fn () => redirect()->route('public.category', ['slug' => 'moving']))->name('moving');"
"routes\web.php","140","Route::get('/handyman', fn () => redirect()->route('public.category', ['slug' => 'handyman']))->name('handyman.landing');"
"routes\web.php","141","Route::get('/personal-task', fn () => redirect()->route('public.category', ['slug' => 'personal-task']))->name('personal-task');"
"routes\web.php","142","Route::get('/tow', fn () => redirect()->route('public.category', ['slug' => 'tow']))->name('tow');"
"routes\web.php","145","Route::get('/care', fn () => redirect()->route('public.category', ['slug' => 'social-help']))->name('care');"
"routes\web.php","146","Route::get('/market', [PublicController::class, 'market'])->name('market');"
"routes\web.php","147","Route::get('/rent', [PublicController::class, 'rent'])->name('rent');"
"routes\web.php","148","Route::get('/shuttle', [PublicController::class, 'shuttle'])->name('shuttle');"
"routes\web.php","149","Route::get('/master', [PublicController::class, 'master'])->name('master');"
"routes\web.php","150","Route::get('/food', fn () => redirect('/category/gfl', 301))->name('food');"
"routes\web.php","151","Route::get('/gfl', fn () => redirect('/category/gfl', 301))->name('gfl');"
"routes\web.php","153","Route::get('/social-help', fn () => redirect()->route('public.category', ['slug' => 'social-help']))->name('social-help');"
"routes\web.php","154","Route::get('/healthz', fn () => response()->json(['status' => 'ok'], 200))->name('api.health');"
"routes\web.php","157","Route::prefix('stores')->name('public.stores.')->group(function () {"
"routes\web.php","158","    Route::get('/', [PublicController::class, 'storesIndex'])->name('index');"
"routes\web.php","159","    Route::get('/{slug}', [PublicController::class, 'storeShow'])->name('show');"
"routes\web.php","163","Route::prefix('restaurants')->name('public.restaurants.')->group(function () {"
"routes\web.php","164","    Route::get('/', [PublicController::class, 'restaurantsIndex'])->name('index');"
"routes\web.php","165","    Route::get('/{slug}', [PublicController::class, 'restaurantShow'])->name('show');"
"routes\web.php","169","Route::get('/services', [PublicController::class, 'servicesIndex'])->name('public.services.index');"
"routes\web.php","171","Route::get('/cart', [CartController::class, 'index'])->name('public.cart.index');"
"routes\web.php","172","Route::post('/cart/optimize', [CartController::class, 'optimize'])->name('public.cart.optimize');"
"routes\web.php","174","Route::prefix('roadside')"
"routes\web.php","177","        Route::get('/', [RoadsideController::class, 'index'])->name('index');"
"routes\web.php","178","        Route::get('/order', [RoadsideController::class, 'orderForm'])->name('order');"
"routes\web.php","179","        Route::post('/order', [RoadsideController::class, 'submitOrder'])->name('order.submit');"
"routes\web.php","180","        Route::get('/thanks', [RoadsideController::class, 'thanks'])->name('thanks');"
"routes\web.php","181","        Route::get('/form', [RoadsideController::class, 'showForm'])->name('form');"
"routes\web.php","182","        Route::post('/submit', [RoadsideController::class, 'submit'])->name('submit');"
"routes\web.php","184","        Route::get('/tracking/{order}', [RoadsideTrackingController::class, 'show'])->name('tracking.show');"
"routes\web.php","186","        Route::get('/sos', [RoadsideSOSController::class, 'index'])->name('sos');"
"routes\web.php","187","        Route::post('/sos', [RoadsideSOSController::class, 'submit'])->name('sos.submit');"
"routes\web.php","188","        Route::get('/sos/success', [RoadsideSOSController::class, 'success'])->name('sos.success');"
"routes\web.php","191","Route::prefix('handyman')"
"routes\web.php","196","        Route::get('/', [HandymanCatalogController::class, 'index'])"
"routes\web.php","200","        Route::get('/service/{slug}', [HandymanCatalogController::class, 'show'])"
"routes\web.php","204","        Route::get('/custom-request', [HandymanCatalogController::class, 'customRequest'])"
"routes\web.php","208","        Route::post('/service/{slug}/book', [HandymanBookingController::class, 'store'])"
"routes\web.php","211","        Route::post('/custom-request/book', [HandymanBookingController::class, 'storeCustom'])"
"routes\web.php","215","Route::prefix('repair')"
"routes\web.php","219","        Route::get('/', [\App\Http\Controllers\Public\Repair\RepairIntakeController::class, 'index'])"
"routes\web.php","223","        Route::get('/request', [\App\Http\Controllers\Public\Repair\RepairIntakeController::class, 'create'])"
"routes\web.php","228","        Route::post('/request', [\App\Http\Controllers\Public\Repair\RepairIntakeController::class, 'store'])"
"routes\web.php","233","Route::get('/lang/{locale}', [LanguageController::class, 'switch'])->name('language.switch');"
"routes\web.php","234","Route::get('/api-info', function () {"
"routes\web.php","242","Route::post('/fast-order', [FastOrderController::class, 'store'])->name('public.fast-order.store');"
"routes\web.php","244","Route::get('/auth/login', function () {"
"routes\web.php","248","Route::get('/auth/eid/{provider}', [EidLoginController::class, 'redirect'])->name('auth.eid.redirect');"
"routes\web.php","249","Route::get('/auth/eid/{provider}/callback', [EidLoginController::class, 'callback'])->name('auth.eid.callback');"
"routes\web.php","251","Route::middleware(['auth', '2fa.confirmed'])"
"routes\web.php","255","        Route::get('/', [AccountDashboardController::class, 'index'])->name('dashboard');"
"routes\web.php","257","        Route::get('/orders', [AccountOrdersController::class, 'index'])->name('orders.index');"
"routes\web.php","258","        Route::get('/orders/{order}', [AccountOrdersController::class, 'show'])->name('orders.show');"
"routes\web.php","259","        Route::get('/deliveries', [AccountDeliveryController::class, 'index'])->name('deliveries.index');"
"routes\web.php","260","        Route::get('/deliveries/new', [AccountDeliveryController::class, 'create'])->name('deliveries.create');"
"routes\web.php","261","        Route::get('/deliveries/{deliveryOrder}', [AccountDeliveryController::class, 'show'])->name('deliveries.show');"
"routes\web.php","263","        Route::get('/orders/{order}/claim', [\App\Http\Controllers\Account\OrderClaimController::class, 'create'])->name('orders.claim.create');"
"routes\web.php","264","        Route::post('/orders/{order}/claim', [\App\Http\Controllers\Account\OrderClaimController::class, 'store'])->name('orders.claim.store');"
"routes\web.php","265","        Route::get('/orders/{order}/review', [OrderReviewController::class, 'create'])->name('orders.review.create');"
"routes\web.php","266","        Route::post('/orders/{order}/review', [OrderReviewController::class, 'store'])->name('orders.review.store');"
"routes\web.php","267","        Route::get('/repairs/{project}', [RepairProjectController::class, 'show'])->name('repairs.show');"
"routes\web.php","270","        Route::get('/claims', [\App\Http\Controllers\Account\ClaimController::class, 'index'])->name('claims.index');"
"routes\web.php","271","        Route::get('/claims/{claim}', [\App\Http\Controllers\Account\ClaimController::class, 'show'])->name('claims.show');"
"routes\web.php","272","        Route::post('/claims/{claim}/messages', [\App\Http\Controllers\Account\ClaimMessageController::class, 'store'])->name('claims.messages.store');"
"routes\web.php","274","        Route::get('/profile', [AccountProfileController::class, 'edit'])->name('profile.edit');"
"routes\web.php","275","        Route::post('/profile', [AccountProfileController::class, 'update'])->name('profile.update');"
"routes\web.php","277","        Route::get('/notifications', [NotificationController::class, 'index'])->name('notifications.index');"
"routes\web.php","278","        Route::post('/notifications/{notification}/read', [NotificationController::class, 'markAsRead'])->name('notifications.read');"
"routes\web.php","280","        Route::get('/notifications/settings', [AccountNotificationsController::class, 'edit'])->name('notifications.edit');"
"routes\web.php","281","        Route::post('/notifications/settings', [AccountNotificationsController::class, 'update'])->name('notifications.update');"
"routes\web.php","283","        Route::get('/notifications/feed', [AccountNotificationInboxController::class, 'index'])->name('notifications.feed');"
"routes\web.php","284","        Route::post('/notifications/feed/mark-read', [AccountNotificationInboxController::class, 'markRead'])->name('notifications.feed.mark-read');"
"routes\web.php","285","        Route::post('/notifications/feed/mark-all-read', [AccountNotificationInboxController::class, 'markAllRead'])->name('notifications.feed.mark-all-read');"
"routes\web.php","287","        Route::get('/billing', [AccountBillingController::class, 'index'])->name('billing.index');"
"routes\web.php","288","        Route::get('/billing/transactions', [AccountBillingController::class, 'transactions'])->name('billing.transactions');"
"routes\web.php","290","        Route::get('/care', [AccountSocialCareController::class, 'dashboard'])->name('care.dashboard');"
"routes\web.php","291","        Route::get('/care/visits/{order}', [AccountSocialCareController::class, 'showVisit'])->name('care.visit.show');"
"routes\web.php","294","        Route::get('/errands', [\App\Http\Controllers\Account\ErrandController::class, 'index'])->name('errands.index');"
"routes\web.php","295","        Route::get('/errands/create', [\App\Http\Controllers\Account\ErrandController::class, 'create'])->name('errands.create');"
"routes\web.php","296","        Route::post('/errands', [\App\Http\Controllers\Account\ErrandController::class, 'store'])->name('errands.store');"
"routes\web.php","297","        Route::get('/errands/{errand}', [\App\Http\Controllers\Account\ErrandController::class, 'show'])->name('errands.show');"
"routes\web.php","299","        Route::post('/switch-client', [ClientContextController::class, 'switch'])->name('client.switch');"
"routes\web.php","301","        Route::get('/new', [NewOrderController::class, 'index'])->name('new-order.index');"
"routes\web.php","302","        Route::get('/new/delivery', [NewOrderController::class, 'deliveryForm'])->name('new-order.delivery');"
"routes\web.php","303","        Route::post('/new/delivery', [NewOrderController::class, 'storeDelivery'])->name('new-order.delivery.store');"
"routes\web.php","304","        Route::get('/new/eco', [NewOrderController::class, 'ecoForm'])->name('new-order.eco');"
"routes\web.php","305","        Route::post('/new/eco', [NewOrderController::class, 'storeEco'])->name('new-order.eco.store');"
"routes\web.php","306","        Route::get('/new/handyman', [NewOrderController::class, 'handymanForm'])->name('new-order.handyman');"
"routes\web.php","307","        Route::post('/new/handyman', [NewOrderController::class, 'storeHandyman'])->name('new-order.handyman.store');"
"routes\web.php","308","        Route::get('/new/care', [NewOrderController::class, 'careForm'])->name('new-order.care');"
"routes\web.php","309","        Route::post('/new/care', [NewOrderController::class, 'storeCare'])->name('new-order.care.store');"
"routes\web.php","311","        Route::get('/security', [AccountSecurityController::class, 'index'])->name('security.index');"
"routes\web.php","312","        Route::post('/security/2fa/enable', [AccountSecurityController::class, 'enableTwoFactor'])->name('security.2fa.enable');"
"routes\web.php","313","        Route::post('/security/2fa/confirm', [AccountSecurityController::class, 'confirmTwoFactor'])->name('security.2fa.confirm');"
"routes\web.php","314","        Route::post('/security/2fa/disable', [AccountSecurityController::class, 'disableTwoFactor'])->name('security.2fa.disable');"
"routes\web.php","316","        Route::post('/security/eid/link/{provider}', [AccountSecurityController::class, 'startEidLink'])->name('security.eid.link');"
"routes\web.php","317","        Route::get('/security/eid/callback/{provider}', [EidLoginController::class, 'callback'])->name('security.eid.callback');"
"routes\web.php","318","        Route::post('/security/sessions/logout-others', [AccountSecurityController::class, 'logoutOtherSessions'])->name('security.sessions.logout-others');"
"routes\web.php","321","Route::middleware(['auth', 'executor'])"
"routes\web.php","325","        Route::get('/', [\App\Http\Controllers\Executor\ExecutorDashboardController::class, 'index'])->name('dashboard');"
"routes\web.php","326","        Route::get('/jobs/{assignment}', [\App\Http\Controllers\Executor\ExecutorDashboardController::class, 'show'])->name('jobs.show');"
"routes\web.php","327","        Route::post('/jobs/{assignment}/accept', [\App\Http\Controllers\Executor\ExecutorDashboardController::class, 'accept'])->name('jobs.accept');"
"routes\web.php","328","        Route::post('/jobs/{assignment}/decline', [\App\Http\Controllers\Executor\ExecutorDashboardController::class, 'decline'])->name('jobs.decline');"
"routes\web.php","329","        Route::post('/jobs/{assignment}/status', [\App\Http\Controllers\Executor\ExecutorDashboardController::class, 'updateStatus'])->name('jobs.status');"
"routes\web.php","332","Route::get('/dashboard', function () {"
"routes\web.php","336","Route::middleware('auth')->group(function () {"
"routes\web.php","337","    Route::get('/profile', [ProfileController::class, 'edit'])->name('profile.edit');"
"routes\web.php","338","    Route::patch('/profile', [ProfileController::class, 'update'])->name('profile.update');"
"routes\web.php","339","    Route::delete('/profile', [ProfileController::class, 'destroy'])->name('profile.destroy');"
"routes\web.php","348","// Route::fallback(function () {"
"routes\api_agency_agents.php","7","Route::middleware(['auth:sanctum', 'throttle:agency-agents'])->prefix('agency-agents')->group(function () {"
"routes\api_agency_agents.php","8","    Route::get('/runs', [AgentRunController::class, 'index']);"
"routes\api_agency_agents.php","9","    Route::post('/runs', [AgentRunController::class, 'store']);"
"routes\api_agency_agents.php","10","    Route::get('/runs/{run}', [AgentRunController::class, 'show']);"
"routes\api_agency_agents.php","11","    Route::get('/runs/{run}/workspace', [AgentRunController::class, 'workspace']);"
"routes\api_agency_agents.php","12","    Route::get('/runs/{run}/threads', [AgentRunController::class, 'threads']);"
"routes\api_agency_agents.php","13","    Route::get('/runs/{run}/events', [AgentRunController::class, 'events']);"
"routes\api_agency_agents.php","14","    Route::get('/runs/{run}/artifacts', [AgentRunController::class, 'artifacts']);"
"routes\api_agency_agents.php","15","    Route::patch('/runs/{run}/status', [AgentRunController::class, 'updateStatus']);"
"routes\api_agency_agents.php","17","    Route::get('/steps', [AgentStepController::class, 'index']);"
"routes\api_agency_agents.php","18","    Route::get('/steps/{step}', [AgentStepController::class, 'show']);"
"routes\api_agency_agents.php","19","    Route::patch('/steps/{step}/status', [AgentStepController::class, 'updateStatus']);"
"routes\api_agency_agents.php","20","    Route::post('/steps/{step}/heartbeat', [AgentStepController::class, 'heartbeat']);"
"routes\auth.php","15","Route::middleware('guest')->group(function () {"
"routes\auth.php","16","    Route::get('register', [RegisteredUserController::class, 'create'])"
"routes\auth.php","19","    Route::post('register', [RegisteredUserController::class, 'store']);"
"routes\auth.php","21","    Route::get('login', [AuthenticatedSessionController::class, 'create'])"
"routes\auth.php","24","    Route::post('login', [AuthenticatedSessionController::class, 'store']);"
"routes\auth.php","26","    Route::get('forgot-password', [PasswordResetLinkController::class, 'create'])"
"routes\auth.php","29","    Route::post('forgot-password', [PasswordResetLinkController::class, 'store'])"
"routes\auth.php","32","    Route::get('reset-password/{token}', [NewPasswordController::class, 'create'])"
"routes\auth.php","35","    Route::post('reset-password', [NewPasswordController::class, 'store'])"
"routes\auth.php","39","Route::get('two-factor-challenge', [TwoFactorChallengeController::class, 'create'])"
"routes\auth.php","42","Route::post('two-factor-challenge', [TwoFactorChallengeController::class, 'store']);"
"routes\auth.php","44","Route::middleware('auth')->group(function () {"
"routes\auth.php","45","    Route::get('verify-email', EmailVerificationPromptController::class)"
"routes\auth.php","48","    Route::get('verify-email/{id}/{hash}', VerifyEmailController::class)"
"routes\auth.php","52","    Route::post('email/verification-notification', [EmailVerificationNotificationController::class, 'store'])"
"routes\auth.php","56","    Route::get('confirm-password', [ConfirmablePasswordController::class, 'show'])"
"routes\auth.php","59","    Route::post('confirm-password', [ConfirmablePasswordController::class, 'store']);"
"routes\auth.php","61","    Route::put('password', [PasswordController::class, 'update'])->name('password.update');"
"routes\auth.php","63","    Route::post('logout', [AuthenticatedSessionController::class, 'destroy'])"
"routes\web-virtual-office.php","15","Route::prefix('virtual-office')->group(function () {"
"routes\web-virtual-office.php","17","    Route::get('/', [VirtualOfficeController::class, 'index'])->name('virtual-office.index');"
"routes\web-virtual-office.php","20","    Route::get('/stats', [VirtualOfficeController::class, 'stats'])->name('virtual-office.stats');"
"routes\web-virtual-office.php","21","    Route::get('/agents', [VirtualOfficeController::class, 'agents'])->name('virtual-office.agents');"
"routes\web-virtual-office.php","22","    Route::get('/agents/{id}', [VirtualOfficeController::class, 'agent'])->name('virtual-office.agent');"
"routes\web-virtual-office.php","23","    Route::post('/agents/{id}/move', [VirtualOfficeController::class, 'moveAgent'])->name('virtual-office.move-agent');"
"routes\web-virtual-office.php","24","    Route::get('/zones', [VirtualOfficeController::class, 'zones'])->name('virtual-office.zones');"
"routes\web-virtual-office.php","25","    Route::get('/categories', [VirtualOfficeController::class, 'categories'])->name('virtual-office.categories');"
"routes\web-virtual-office.php","26","    Route::get('/tasks', [VirtualOfficeController::class, 'tasks'])->name('virtual-office.tasks');"
"routes\web-virtual-office.php","27","    Route::post('/tasks', [VirtualOfficeController::class, 'createTask'])->name('virtual-office.create-task');"
"routes\web-virtual-office.php","28","    Route::get('/agents/{agentId}/messages', [VirtualOfficeController::class, 'messages'])->name('virtual-office.messages');"
"routes\web-virtual-office.php","29","    Route::post('/agents/{agentId}/messages', [VirtualOfficeController::class, 'sendMessage'])->name('virtual-office.send-message');"
"routes\api_ops.php","21","Route::middleware(['auth:sanctum'])->prefix('ops')->group(function () {"
"routes\api_ops.php","22","    Route::get('/jobs', [ServiceJobController::class, 'index']);"
"routes\api_ops.php","23","    Route::get('/jobs/{job}', [ServiceJobController::class, 'show']);"
"routes\api_ops.php","24","    Route::post('/jobs/{job}/dispatch', [ServiceJobController::class, 'dispatch']);"
"routes\api_ops.php","25","    Route::get('/jobs/{job}/drawer', [JobDrawerController::class, 'show']);"
"routes\api_ops.php","26","    Route::get('/jobs/{job}/candidate-compare', [CandidateCompareController::class, 'show']);"
"routes\api_ops.php","27","    Route::post('/jobs/{job}/manual-dispatch', [DispatchWorkbenchController::class, 'manualDispatch'])"
"routes\api_ops.php","29","    Route::post('/jobs/{job}/manual-reassign', [DispatchWorkbenchController::class, 'manualReassign'])"
"routes\api_ops.php","31","    Route::get('/jobs/{job}/timeline', [ServiceJobController::class, 'timeline']);"
"routes\api_ops.php","32","    Route::get('/jobs/{job}/exceptions', [ServiceJobController::class, 'exceptions']);"
"routes\api_ops.php","34","    Route::get('/executors', [ExecutorController::class, 'index']);"
"routes\api_ops.php","35","    Route::get('/executors/{executor}', [ExecutorController::class, 'show']);"
"routes\api_ops.php","36","    Route::get('/executors/{executor}/drawer', [ExecutorDrawerController::class, 'show']);"
"routes\api_ops.php","37","    Route::patch('/executors/{executor}/availability', [ExecutorController::class, 'availability']);"
"routes\api_ops.php","38","    Route::post('/executors/{executor}/location-pings', [ExecutorController::class, 'locationPing']);"
"routes\api_ops.php","40","    Route::post('/assignments/{assignment}/accept', [AssignmentController::class, 'accept']);"
"routes\api_ops.php","41","    Route::post('/assignments/{assignment}/reject', [AssignmentController::class, 'reject']);"
"routes\api_ops.php","42","    Route::post('/assignments/{assignment}/start-travel', [AssignmentController::class, 'startTravel']);"
"routes\api_ops.php","43","    Route::post('/assignments/{assignment}/arrive', [AssignmentController::class, 'arrive']);"
"routes\api_ops.php","44","    Route::post('/assignments/{assignment}/start-work', [AssignmentController::class, 'startWork']);"
"routes\api_ops.php","45","    Route::post('/assignments/{assignment}/complete', [AssignmentController::class, 'complete']);"
"routes\api_ops.php","47","    Route::get('/map/live', [MapController::class, 'live']);"
"routes\api_ops.php","48","    Route::get('/workbench/triage', [WorkbenchBulkActionController::class, 'triage']);"
"routes\api_ops.php","49","    Route::get('/workbench/replan-recommendations', [ReplanRecommendationsController::class, 'index']);"
"routes\api_ops.php","50","    Route::get('/workbench/routing-shadow-metrics', [RoutingShadowMetricsController::class, 'index']);"
"routes\api_ops.php","51","    Route::get('/workbench/routing-provider-health', [RoutingShadowMetricsController::class, 'health']);"
"routes\api_ops.php","52","    Route::post('/workbench/bulk-action', [WorkbenchBulkActionController::class, 'apply']);"
"routes\api_ops.php","53","    Route::get('/workbench/saved-filters', [SavedOpsFilterController::class, 'index']);"
"routes\api_ops.php","54","    Route::post('/workbench/saved-filters', [SavedOpsFilterController::class, 'store']);"
"routes\api_ops.php","55","    Route::delete('/workbench/saved-filters/{filter}', [SavedOpsFilterController::class, 'destroy']);"
"routes\api_ops.php","56","    Route::get('/live-feed', LiveFeedController::class);"
"routes\api_ops.php","58","    Route::get('/exceptions', [ExceptionController::class, 'index']);"
"routes\api_ops.php","59","    Route::post('/exceptions/{exception}/ack', [ExceptionController::class, 'ack']);"
"routes\api_ops.php","60","    Route::post('/exceptions/{exception}/resolve', [ExceptionController::class, 'resolve']);"
"routes\api_ops.php","61","    Route::get('/exceptions/{exception}/drawer', [ExceptionDrawerController::class, 'show']);"
"routes\api_ops.php","62","    Route::post('/exceptions/{exception}/acknowledge', [DispatchWorkbenchController::class, 'acknowledgeException'])"
"routes\api_ops.php","64","    Route::post('/exceptions/{exception}/resolve-workbench', [DispatchWorkbenchController::class, 'resolveException'])"
"routes\logistics-api.php","11","Route::prefix('v1/logistics')->name('api.v1.logistics.')->group(function () {"
"routes\logistics-api.php","12","    Route::get('/tracking/{trackingNumber}', [TrackingApiController::class, 'showByTracking'])->name('tracking.show');"
"routes\logistics-api.php","14","    Route::middleware(['auth:sanctum'])->group(function () {"
"routes\logistics-api.php","15","        Route::get('/shipments', [ShipmentApiController::class, 'index'])->name('shipments.index');"
"routes\logistics-api.php","16","        Route::post('/shipments', [ShipmentApiController::class, 'store'])->name('shipments.store');"
"routes\logistics-api.php","17","        Route::get('/shipments/{shipment}', [ShipmentApiController::class, 'show'])->name('shipments.show');"
"routes\logistics-api.php","18","        Route::post('/shipments/{shipment}/tracking-events', [TrackingApiController::class, 'update'])->name('tracking-events.store');"
"routes\logistics-api.php","19","        Route::get('/map/personnel-positions', [MapApiController::class, 'personnelPositions'])->name('map.personnel');"
"routes\logistics-api.php","20","        Route::put('/map/personnel/{personnel}/position', [MapApiController::class, 'updatePersonnelPosition'])->name('map.personnel.update');"
"routes\logistics-api.php","21","        Route::get('/customer/shipments', [CustomerPortalController::class, 'shipments'])->name('customer.shipments');"
"routes\logistics-api.php","22","        Route::get('/worker/shipments', [WorkerPortalController::class, 'assigned'])"
"routes\api.php","29","Route::middleware('auth:sanctum')->get('/user', function (Request $request) {"
"routes\api.php","34","Route::post('/webhooks/{provider}', [WebhookController::class, 'receive']);"
"routes\api.php","37","Route::middleware('auth:sanctum')->post('/worker/status', [\App\Http\Controllers\Lk\WorkerStatusController::class, 'update']);"
"routes\api.php","44","Route::middleware(['auth:sanctum', 'throttle:api_critical'])->group(function () {"
"routes\api.php","46","    Route::post('/orders', [App\Http\Controllers\Api\OrderController::class, 'store']);"
"routes\api.php","47","    Route::patch('/orders/{id}/status', [App\Http\Controllers\Api\OrderController::class, 'updateStatus']);"
"routes\api.php","50","    Route::patch('/profile', [App\Http\Controllers\Api\V1\Account\AccountProfileApiController::class, 'update']);"
"routes\api.php","51","    Route::post('/profile/avatar', [App\Http\Controllers\Api\V1\Account\AccountProfileApiController::class, 'updateAvatar']);"
"routes\api.php","59","Route::middleware(['guest', 'throttle:guest_auth'])->group(function () {"
"routes\api.php","61","    Route::post('/register', [App\Http\Controllers\Api\AuthController::class, 'register']);"
"routes\api.php","64","    Route::post('/password/forgot', [App\Http\Controllers\Api\AuthController::class, 'forgotPassword']);"
"routes\api.php","65","    Route::post('/password/reset', [App\Http\Controllers\Api\AuthController::class, 'resetPassword']);"
"routes\api.php","69","Route::prefix('v1')->group(function () {"
"routes\api.php","71","    Route::get('/health', function () {"
"routes\api.php","112","    Route::get('/categories', [App\Http\Controllers\Api\ServiceCategoryController::class, 'index']);"
"routes\api.php","113","    Route::get('/categories/{code}', [App\Http\Controllers\Api\ServiceCategoryController::class, 'show']);"
"routes\api.php","116","    Route::get('/service-types', [ServiceTypeController::class, 'index']);"
"routes\api.php","117","    Route::get('/service-types/{slug}', [ServiceTypeController::class, 'show']);"
"routes\api.php","118","    Route::get('/service-types/category/{category}', [ServiceTypeController::class, 'byCategory']);"
"routes\api.php","121","    Route::get('/restaurants', [App\Http\Controllers\Api\RestaurantController::class, 'index']);"
"routes\api.php","122","    Route::get('/restaurants/{slug}', [App\Http\Controllers\Api\RestaurantController::class, 'show']);"
"routes\api.php","125","    Route::get('/products', [App\Http\Controllers\Api\ProductController::class, 'index']);"
"routes\api.php","126","    Route::get('/products/cargo', [App\Http\Controllers\Api\ProductController::class, 'cargo']);"
"routes\api.php","129","    Route::post('/delivery/calculate-price', [App\Http\Controllers\Api\DeliveryPriceController::class, 'calculate'])->middleware('throttle:price-calculation');"
"routes\api.php","132","    Route::post('/eco/orders', [App\Http\Controllers\Api\EcoOrderController::class, 'store'])->middleware('throttle:orders');"
"routes\api.php","133","    Route::post('/eco/calculate-price', [App\Http\Controllers\Api\EcoOrderController::class, 'calculatePrice'])->middleware('throttle:price-calculation');"
"routes\api.php","136","    Route::get('/stores', [App\Http\Controllers\Api\RetailStoreController::class, 'index']);"
"routes\api.php","137","    Route::get('/stores/{slug}', [App\Http\Controllers\Api\RetailStoreController::class, 'show']);"
"routes\api.php","140","    Route::get('/pricing-rules', [App\Http\Controllers\Api\PricingRuleController::class, 'index']);"
"routes\api.php","141","    Route::get('/pricing-rules/{id}', [App\Http\Controllers\Api\PricingRuleController::class, 'show']);"
"routes\api.php","142","    Route::post('/price/estimate', PriceEstimateController::class)"
"routes\api.php","146","    Route::get('/geo/zones', [App\Http\Controllers\Api\GeoZoneController::class, 'index']);"
"routes\api.php","147","    Route::get('/geo/zones/{slug}', [App\Http\Controllers\Api\GeoZoneController::class, 'show']);"
"routes\api.php","148","    Route::post('/geo/zone/contains', [App\Http\Controllers\Api\GeoZoneController::class, 'contains'])"
"routes\api.php","152","    Route::post('/route/estimate', [App\Http\Controllers\Api\RouteController::class, 'estimate'])"
"routes\api.php","154","    Route::post('/route/matrix', [App\Http\Controllers\Api\RouteController::class, 'matrix'])"
"routes\api.php","158","    Route::get('/geo-zones', [App\Http\Controllers\Api\GeoZoneController::class, 'index']);"
"routes\api.php","159","    Route::get('/geo-zones/{slug}', [App\Http\Controllers\Api\GeoZoneController::class, 'show']);"
"routes\api.php","162","    Route::get('/orders', [App\Http\Controllers\Api\OrderController::class, 'index'])->middleware('throttle:api');"
"routes\api.php","163","    Route::post('/orders', [App\Http\Controllers\Api\OrderController::class, 'store'])->middleware('throttle:orders');"
"routes\api.php","164","    Route::get('/orders/{id}', [App\Http\Controllers\Api\OrderController::class, 'show'])->middleware('throttle:api');"
"routes\api.php","165","    Route::patch('/orders/{id}/status', [App\Http\Controllers\Api\OrderController::class, 'updateStatus'])->middleware('throttle:api');"
"routes\api.php","166","    Route::post('/orders/{id}/payment/intent', [App\Http\Controllers\Api\OrderController::class, 'createPaymentIntent'])->middleware('throttle:payments');"
"routes\api.php","167","    Route::post('/orders/{id}/payment/confirm', [App\Http\Controllers\Api\OrderController::class, 'confirmPayment'])->middleware('throttle:payments');"
"routes\api.php","170","    Route::post('/quick-order', [App\Http\Controllers\Api\QuickOrderController::class, 'store'])->middleware('throttle:orders');"
"routes\api.php","173","    Route::prefix('moving')->name('moving.')->group(function () {"
"routes\api.php","174","        // Route::post('/orders', [\App\Http\Controllers\Api\MovingOrderController::class, 'store'])->middleware('throttle:orders')->name('orders.store');"
"routes\api.php","175","        Route::post('/price-estimate', [\App\Http\Controllers\Api\MovingPriceEstimateController::class, 'estimate'])->middleware('throttle:price-calculation')->name('price-estimate');"
"routes\api.php","176","        Route::post('/photo-estimate', [\App\Http\Controllers\Api\MovingPhotoEstimateController::class, 'estimate'])->middleware('throttle:price-calculation')->name('photo-estimate');"
"routes\api.php","180","    Route::prefix('care')->name('care.')->group(function () {"
"routes\api.php","181","        Route::post('/orders', [\App\Http\Controllers\Api\SocialCareOrderController::class, 'store'])->middleware('throttle:orders')->name('orders.store');"
"routes\api.php","185","    Route::prefix('errand')->name('errand.')->group(function () {"
"routes\api.php","186","        Route::post('/orders', [\App\Http\Controllers\Api\ErrandTaskController::class, 'store'])->middleware('throttle:orders')->name('orders.store');"
"routes\api.php","187","        Route::post('/price-estimate', [\App\Http\Controllers\Api\ErrandTaskController::class, 'estimate'])->middleware('throttle:price-calculation')->name('price-estimate');"
"routes\api.php","191","    Route::prefix('delivery')"
"routes\api.php","193","            Route::middleware('auth:sanctum')->group(function () {"
"routes\api.php","194","                Route::post('/quick-order', [App\Http\Controllers\Api\Delivery\QuickOrderController::class, 'store']);"
"routes\api.php","195","                Route::post('/quote', App\Http\Controllers\Api\Delivery\DeliveryQuoteController::class);"
"routes\api.php","196","                Route::get('/stores', [App\Http\Controllers\Api\Delivery\StoreController::class, 'index']);"
"routes\api.php","197","                Route::get('/restaurants', [App\Http\Controllers\Api\Delivery\RestaurantController::class, 'index']);"
"routes\api.php","198","                Route::patch('/orders/{deliveryOrder}/status', [App\Http\Controllers\Api\Delivery\TrackingController::class, 'updateStatus']);"
"routes\api.php","201","            Route::get('/orders/{deliveryOrder}/tracking', [App\Http\Controllers\Api\Delivery\TrackingController::class, 'show']);"
"routes\api.php","204","    Route::prefix('courier')"
"routes\api.php","207","            Route::get('/deliveries', [CourierDeliveryController::class, 'index']);"
"routes\api.php","208","            Route::get('/deliveries/{deliveryOrder}', [CourierDeliveryController::class, 'show']);"
"routes\api.php","212","    Route::post('/stripe/webhook', [App\Http\Controllers\StripeWebhookController::class, 'handle']);"
"routes\api.php","215","    Route::post('/payments/vipps/init', [App\Http\Controllers\VippsController::class, 'initPayment'])->middleware('throttle:payments');"
"routes\api.php","216","    Route::post('/payments/vipps/callback', [App\Http\Controllers\VippsController::class, 'handleCallback']); // Callbacks should not be throttled"
"routes\api.php","217","    Route::post('/payments/vipps/webhook', [App\Http\Controllers\VippsController::class, 'handleWebhook']); // Webhooks should not be throttled"
"routes\api.php","218","    Route::post('/payments/vipps/capture', [App\Http\Controllers\VippsController::class, 'capturePayment'])->middleware('throttle:payments');"
"routes\api.php","219","    Route::post('/payments/vipps/refund', [App\Http\Controllers\VippsController::class, 'refundPayment'])->middleware('throttle:payments');"
"routes\api.php","222","    Route::get('/public/catalog', [App\Http\Controllers\PublicStorefrontController::class, 'getCatalog']);"
"routes\api.php","223","    Route::get('/public/services/{slug}', [App\Http\Controllers\PublicStorefrontController::class, 'getServiceDetails']);"
"routes\api.php","224","    Route::post('/public/orders', [App\Http\Controllers\PublicStorefrontController::class, 'createOrder']);"
"routes\api.php","225","    Route::get('/public/orders/{orderNumber}', [App\Http\Controllers\PublicStorefrontController::class, 'getOrderStatus']);"
"routes\api.php","226","    Route::get('/public/slots', [App\Http\Controllers\PublicStorefrontController::class, 'getAvailableSlots']);"
"routes\api.php","229","    Route::post('/routes/matrix', [App\Http\Controllers\RoutingController::class, 'calculateMatrix']);"
"routes\api.php","230","    Route::patch('/routes/{id}/recalc-eta', [App\Http\Controllers\RoutingController::class, 'recalculateEta']);"
"routes\api.php","233","    Route::get('/sla/policies', [App\Http\Controllers\SlaController::class, 'getPolicies']);"
"routes\api.php","234","    Route::post('/sla/policies', [App\Http\Controllers\SlaController::class, 'createPolicy']);"
"routes\api.php","235","    Route::put('/sla/policies/{id}', [App\Http\Controllers\SlaController::class, 'updatePolicy']);"
"routes\api.php","236","    Route::post('/sla/calculate', [App\Http\Controllers\SlaController::class, 'calculateSla']);"
"routes\api.php","237","    Route::get('/sla/orders-at-risk', [App\Http\Controllers\SlaController::class, 'getOrdersAtRisk']);"
"routes\api.php","238","    Route::get('/sla/alerts', [App\Http\Controllers\SlaController::class, 'generateAlerts']);"
"routes\api.php","239","    Route::get('/sla/metrics', [App\Http\Controllers\SlaController::class, 'getMetrics']);"
"routes\api.php","240","    Route::post('/sla/update-policies', [App\Http\Controllers\SlaController::class, 'updatePolicies']);"
"routes\api.php","243","    Route::prefix('analytics/v2')->group(function () {"
"routes\api.php","244","        Route::get('/dashboard', [App\Http\Controllers\AnalyticsV2Controller::class, 'getDashboardMetrics']);"
"routes\api.php","245","        Route::get('/sla-breaches', [App\Http\Controllers\AnalyticsV2Controller::class, 'getSlaBreachAnalysis']);"
"routes\api.php","246","        Route::get('/eta-accuracy', [App\Http\Controllers\AnalyticsV2Controller::class, 'getEtaAccuracy']);"
"routes\api.php","247","        Route::get('/aht', [App\Http\Controllers\AnalyticsV2Controller::class, 'getAhtMetrics']);"
"routes\api.php","248","        Route::get('/export', [App\Http\Controllers\AnalyticsV2Controller::class, 'exportData']);"
"routes\api.php","249","        Route::get('/saved-reports', [App\Http\Controllers\AnalyticsV2Controller::class, 'getSavedReports']);"
"routes\api.php","253","    Route::get('/organizations', [App\Http\Controllers\Api\OrganizationController::class, 'index']);"
"routes\api.php","254","    Route::post('/organizations', [App\Http\Controllers\Api\OrganizationController::class, 'store']);"
"routes\api.php","255","    Route::get('/organizations/{id}', [App\Http\Controllers\Api\OrganizationController::class, 'show']);"
"routes\api.php","256","    Route::put('/organizations/{id}', [App\Http\Controllers\Api\OrganizationController::class, 'update']);"
"routes\api.php","257","    Route::delete('/organizations/{id}', [App\Http\Controllers\Api\OrganizationController::class, 'destroy']);"
"routes\api.php","258","    Route::post('/organizations/{id}/users', [App\Http\Controllers\Api\OrganizationController::class, 'addUser']);"
"routes\api.php","259","    Route::delete('/organizations/{id}/users/{userId}', [App\Http\Controllers\Api\OrganizationController::class, 'removeUser']);"
"routes\api.php","262","    Route::get('/search', [App\Http\Controllers\Api\SearchController::class, 'search']);"
"routes\api.php","263","    Route::get('/search/autocomplete', [App\Http\Controllers\Api\SearchController::class, 'autocomplete']);"
"routes\api.php","264","    Route::get('/search/facets', [App\Http\Controllers\Api\SearchController::class, 'getFacets']);"
"routes\api.php","265","    Route::post('/search/index', [App\Http\Controllers\Api\SearchController::class, 'indexEntity']);"
"routes\api.php","266","    Route::delete('/search/index', [App\Http\Controllers\Api\SearchController::class, 'removeEntity']);"
"routes\api.php","269","    Route::post('/geo/v3/route', [App\Http\Controllers\Api\GeoV3Controller::class, 'calculateRoute']);"
"routes\api.php","270","    Route::post('/geo/v3/matrix', [App\Http\Controllers\Api\GeoV3Controller::class, 'calculateMatrix']);"
"routes\api.php","271","    Route::post('/geo/v3/optimize', [App\Http\Controllers\Api\GeoV3Controller::class, 'optimizeRoute']);"
"routes\api.php","272","    Route::get('/geo/v3/profile', [App\Http\Controllers\Api\GeoV3Controller::class, 'getOptimalProfile']);"
"routes\api.php","273","    Route::post('/geo/v3/eta', [App\Http\Controllers\Api\GeoV3Controller::class, 'calculateETA']);"
"routes\api.php","274","    Route::post('/geo/v3/validate-windows', [App\Http\Controllers\Api\GeoV3Controller::class, 'validateTimeWindows']);"
"routes\api.php","277","    Route::get('/performance/report', [App\Http\Controllers\Api\PerformanceController::class, 'getReport']);"
"routes\api.php","278","    Route::get('/performance/slow-queries', [App\Http\Controllers\Api\PerformanceController::class, 'getSlowQueries']);"
"routes\api.php","279","    Route::post('/performance/optimize-db', [App\Http\Controllers\Api\PerformanceController::class, 'optimizeDatabase']);"
"routes\api.php","280","    Route::get('/performance/cache-stats', [App\Http\Controllers\Api\PerformanceController::class, 'getCacheStatistics']);"
"routes\api.php","281","    Route::post('/performance/optimize-cache', [App\Http\Controllers\Api\PerformanceController::class, 'optimizeCache']);"
"routes\api.php","282","    Route::get('/performance/cost-analysis', [App\Http\Controllers\Api\PerformanceController::class, 'getCostAnalysis']);"
"routes\api.php","285","    Route::post('/gdpr/request', [App\Http\Controllers\Api\GdprController::class, 'createRequest']);"
"routes\api.php","286","    Route::get('/gdpr/requests', [App\Http\Controllers\Api\GdprController::class, 'getRequests']);"
"routes\api.php","287","    Route::get('/gdpr/requests/{id}', [App\Http\Controllers\Api\GdprController::class, 'getRequest']);"
"routes\api.php","288","    Route::post('/gdpr/requests/{id}/process', [App\Http\Controllers\Api\GdprController::class, 'processRequest']);"
"routes\api.php","289","    Route::post('/gdpr/anonymize-logs', [App\Http\Controllers\Api\GdprController::class, 'anonymizeLogs']);"
"routes\api.php","290","    Route::get('/gdpr/retention-report', [App\Http\Controllers\Api\GdprController::class, 'getRetentionReport']);"
"routes\api.php","293","    Route::post('/subscriptions/subscribe', [App\Http\Controllers\Api\SubscriptionController::class, 'subscribe']);"
"routes\api.php","294","    Route::post('/subscriptions/cancel', [App\Http\Controllers\Api\SubscriptionController::class, 'cancel']);"
"routes\api.php","295","    Route::get('/subscriptions/plans', [App\Http\Controllers\Api\SubscriptionController::class, 'getPlans']);"
"routes\api.php","296","    Route::get('/subscriptions/my', [App\Http\Controllers\Api\SubscriptionController::class, 'getMySubscriptions']);"
"routes\api.php","298","    Route::post('/coupons/apply', [App\Http\Controllers\Api\CouponController::class, 'apply']);"
"routes\api.php","299","    Route::post('/coupons/validate', [App\Http\Controllers\Api\CouponController::class, 'validate']);"
"routes\api.php","300","    Route::get('/coupons/available', [App\Http\Controllers\Api\CouponController::class, 'getAvailable']);"
"routes\api.php","302","    Route::post('/bundles/price', [App\Http\Controllers\Api\BundleController::class, 'calculatePrice']);"
"routes\api.php","303","    Route::get('/bundles/available', [App\Http\Controllers\Api\BundleController::class, 'getAvailable']);"
"routes\api.php","306","    Route::post('/orders/{id}/return', [App\Http\Controllers\Api\ReturnController::class, 'createReturn']);"
"routes\api.php","307","    Route::get('/orders/{id}/returns', [App\Http\Controllers\Api\ReturnController::class, 'getReturns']);"
"routes\api.php","308","    Route::patch('/returns/{id}/status', [App\Http\Controllers\Api\ReturnController::class, 'updateStatus']);"
"routes\api.php","310","    Route::post('/payments/{id}/refund', [App\Http\Controllers\Api\RefundController::class, 'createRefund']);"
"routes\api.php","311","    Route::get('/refunds', [App\Http\Controllers\Api\RefundController::class, 'getRefunds']);"
"routes\api.php","313","    Route::post('/orders/{id}/sla-credit', [App\Http\Controllers\Api\SlaCreditController::class, 'grantCredit']);"
"routes\api.php","314","    Route::get('/sla-credits', [App\Http\Controllers\Api\SlaCreditController::class, 'getCredits']);"
"routes\api.php","317","    Route::post('/reviews', [App\Http\Controllers\Api\ReviewController::class, 'createReview']);"
"routes\api.php","318","    Route::get('/reviews', [App\Http\Controllers\Api\ReviewController::class, 'getReviews']);"
"routes\api.php","319","    Route::patch('/reviews/{id}/status', [App\Http\Controllers\Api\ReviewController::class, 'updateStatus']);"
"routes\api.php","321","    Route::post('/disputes', [App\Http\Controllers\Api\DisputeController::class, 'createDispute']);"
"routes\api.php","322","    Route::get('/disputes', [App\Http\Controllers\Api\DisputeController::class, 'getDisputes']);"
"routes\api.php","323","    Route::patch('/disputes/{id}/status', [App\Http\Controllers\Api\DisputeController::class, 'updateStatus']);"
"routes\api.php","324","    Route::post('/disputes/{id}/evidence', [App\Http\Controllers\Api\DisputeController::class, 'addEvidence']);"
"routes\api.php","327","    Route::get('/cfo/dashboard', [App\Http\Controllers\Api\CfoController::class, 'getDashboard']);"
"routes\api.php","328","    Route::get('/cfo/revenue', [App\Http\Controllers\Api\CfoController::class, 'getRevenue']);"
"routes\api.php","329","    Route::get('/cfo/margins', [App\Http\Controllers\Api\CfoController::class, 'getMargins']);"
"routes\api.php","330","    Route::get('/cfo/ltv-cac', [App\Http\Controllers\Api\CfoController::class, 'getLtvCac']);"
"routes\api.php","331","    Route::get('/cfo/returns', [App\Http\Controllers\Api\CfoController::class, 'getReturns']);"
"routes\api.php","332","    Route::get('/cfo/discounts', [App\Http\Controllers\Api\CfoController::class, 'getDiscounts']);"
"routes\api.php","338","    Route::post('/oauth/token', [App\Http\Controllers\Api\OAuthController::class, 'token']);"
"routes\api.php","339","    Route::post('/oauth/authorize', [App\Http\Controllers\Api\OAuthController::class, 'authorizeRequest']);"
"routes\api.php","340","    Route::post('/oauth/revoke', [App\Http\Controllers\Api\OAuthController::class, 'revokeToken']);"
"routes\api.php","341","    Route::post('/oauth/introspect', [App\Http\Controllers\Api\OAuthController::class, 'introspectToken']);"
"routes\api.php","342","    Route::post('/oauth/clients', [App\Http\Controllers\Api\OAuthController::class, 'createClient']);"
"routes\api.php","345","    Route::post('/v1/orders', [App\Http\Controllers\Api\PartnerApiController::class, 'createOrder']);"
"routes\api.php","346","    Route::get('/v1/orders/{id}', [App\Http\Controllers\Api\PartnerApiController::class, 'getOrder']);"
"routes\api.php","347","    Route::get('/v1/orders/{id}/status', [App\Http\Controllers\Api\PartnerApiController::class, 'getOrderStatus']);"
"routes\api.php","348","    Route::post('/v1/orders/{id}/cancel', [App\Http\Controllers\Api\PartnerApiController::class, 'cancelOrder']);"
"routes\api.php","349","    Route::get('/v1/services', [App\Http\Controllers\Api\PartnerApiController::class, 'getServices']);"
"routes\api.php","350","    Route::get('/v1/zones', [App\Http\Controllers\Api\PartnerApiController::class, 'getZones']);"
"routes\api.php","351","    Route::get('/v1/slots', [App\Http\Controllers\Api\PartnerApiController::class, 'getAvailableSlots']);"
"routes\api.php","354","    Route::prefix('assistant')->middleware(['auth:sanctum'])->group(function () {"
"routes\api.php","355","        Route::get('/order/{order}/insights', [\App\Modules\BikubeAssistant\AssistantController::class, 'insights']);"
"routes\api.php","358","        Route::post('/conversations', [\App\Http\Controllers\AssistantChatController::class, 'startConversation']);"
"routes\api.php","359","        Route::post('/conversations/{conversation}/messages', [\App\Http\Controllers\AssistantChatController::class, 'sendMessage']);"
"routes\api.php","360","        Route::get('/conversations/{conversation}/messages', [\App\Http\Controllers\AssistantChatController::class, 'messages']);"
"routes\api.php","364","    Route::prefix('helper')"
"routes\api.php","368","            Route::get('/me', [\App\Http\Controllers\Api\V1\Helper\HelperMeController::class, 'show'])"
"routes\api.php","371","            Route::get('/visits/upcoming', [\App\Http\Controllers\Api\V1\Helper\HelperVisitsController::class, 'upcoming'])"
"routes\api.php","374","            Route::get('/visits/history', [\App\Http\Controllers\Api\V1\Helper\HelperVisitsController::class, 'history'])"
"routes\api.php","377","            Route::get('/visits/{order}', [\App\Http\Controllers\Api\V1\Helper\HelperVisitsController::class, 'show'])"
"routes\api.php","380","            Route::post('/visits/{order}/accept', [\App\Http\Controllers\Api\V1\Helper\HelperVisitsController::class, 'accept'])"
"routes\api.php","383","            Route::post('/visits/{order}/en-route', [\App\Http\Controllers\Api\V1\Helper\HelperVisitsController::class, 'markEnRoute'])"
"routes\api.php","386","            Route::post('/visits/{order}/start', [\App\Http\Controllers\Api\V1\Helper\HelperVisitsController::class, 'start'])"
"routes\api.php","389","            Route::post('/visits/{order}/finish', [\App\Http\Controllers\Api\V1\Helper\HelperVisitsController::class, 'finish'])"
"routes\api.php","392","            Route::get('/stats', [\App\Http\Controllers\Api\V1\Helper\HelperStatsController::class, 'stats'])"
"routes\api.php","394","            Route::post('/emergency', [\App\Http\Controllers\Api\V1\Helper\HelperEmergencyController::class, 'trigger'])"
"routes\api.php","399","    Route::post('/webhooks/subscriptions', [App\Http\Controllers\Api\WebhookController::class, 'createSubscription']);"
"routes\api.php","400","    Route::get('/webhooks/subscriptions', [App\Http\Controllers\Api\WebhookController::class, 'getSubscriptions']);"
"routes\api.php","401","    Route::put('/webhooks/subscriptions/{id}', [App\Http\Controllers\Api\WebhookController::class, 'updateSubscription']);"
"routes\api.php","402","    Route::delete('/webhooks/subscriptions/{id}', [App\Http\Controllers\Api\WebhookController::class, 'deleteSubscription']);"
"routes\api.php","403","    Route::get('/webhooks/subscriptions/{id}/logs', [App\Http\Controllers\Api\WebhookController::class, 'getLogs']);"
"routes\api.php","406","    Route::post('/pricing/calculate', [App\Http\Controllers\Api\PricingController::class, 'calculate']);"
"routes\api.php","407","    Route::get('/pricing/rules', [App\Http\Controllers\Api\PricingController::class, 'index']);"
"routes\api.php","408","    Route::post('/pricing/rules', [App\Http\Controllers\Api\PricingController::class, 'store']);"
"routes\api.php","409","    Route::put('/pricing/rules/{id}', [App\Http\Controllers\Api\PricingController::class, 'update']);"
"routes\api.php","410","    Route::delete('/pricing/rules/{id}', [App\Http\Controllers\Api\PricingController::class, 'destroy']);"
"routes\api.php","412","    Route::get('/pricing/experiments', [App\Http\Controllers\Api\PricingController::class, 'getExperiments']);"
"routes\api.php","413","    Route::post('/pricing/experiments', [App\Http\Controllers\Api\PricingController::class, 'createExperiment']);"
"routes\api.php","416","    Route::post('/telemetry/events', [App\Http\Controllers\Api\TelemetryController::class, 'processEvents']);"
"routes\api.php","417","    Route::get('/telemetry/events', [App\Http\Controllers\Api\TelemetryController::class, 'getEvents']);"
"routes\api.php","418","    Route::post('/telemetry/eta-update', [App\Http\Controllers\Api\TelemetryController::class, 'updateEta']);"
"routes\api.php","419","    Route::get('/telemetry/anomalies', [App\Http\Controllers\Api\TelemetryController::class, 'getAnomalies']);"
"routes\api.php","420","    Route::post('/telemetry/route-optimization', [App\Http\Controllers\Api\TelemetryController::class, 'getRouteOptimization']);"
"routes\api.php","423","    Route::prefix('operations')->group(function () {"
"routes\api.php","424","        Route::post('/jobs/normalize', [\App\Http\Controllers\Api\V1\Operations\OperationsJobController::class, 'normalize']);"
"routes\api.php","425","        Route::post('/dispatch/request', [\App\Http\Controllers\Api\V1\Operations\OperationsDispatchController::class, 'request']);"
"routes\api.php","426","        Route::post('/dispatch/replan', [\App\Http\Controllers\Api\V1\Operations\OperationsDispatchController::class, 'replan']);"
"routes\api.php","427","        Route::post('/assignments/{id}/accept', [\App\Http\Controllers\Api\V1\Operations\OperationsAssignmentController::class, 'accept']);"
"routes\api.php","428","        Route::post('/assignments/{assignment}/reject', [\App\Http\Controllers\Api\Ops\AssignmentController::class, 'reject']);"
"routes\api.php","429","        Route::post('/assignments/{assignment}/start-travel', [\App\Http\Controllers\Api\Ops\AssignmentController::class, 'startTravel']);"
"routes\api.php","430","        Route::post('/assignments/{id}/start', [\App\Http\Controllers\Api\V1\Operations\OperationsAssignmentController::class, 'start']);"
"routes\api.php","431","        Route::post('/assignments/{id}/arrive', [\App\Http\Controllers\Api\V1\Operations\OperationsAssignmentController::class, 'arrive']);"
"routes\api.php","432","        Route::post('/assignments/{id}/complete', [\App\Http\Controllers\Api\V1\Operations\OperationsAssignmentController::class, 'complete']);"
"routes\api.php","433","        Route::get('/live/state', [\App\Http\Controllers\Api\V1\Operations\OperationsLiveController::class, 'state']);"
"routes\api.php","434","        Route::post('/live/executors/{executorId}/location', [\App\Http\Controllers\Api\V1\Operations\OperationsLiveController::class, 'updateLocation']);"
"routes\api.php","435","        Route::post('/exceptions', [\App\Http\Controllers\Api\V1\Operations\OperationsExceptionController::class, 'open']);"
"routes\api.php","436","        Route::patch('/exceptions/{id}/ack', [\App\Http\Controllers\Api\V1\Operations\OperationsExceptionController::class, 'ack']);"
"routes\api.php","437","        Route::patch('/exceptions/{id}/resolve', [\App\Http\Controllers\Api\V1\Operations\OperationsExceptionController::class, 'resolve']);"
"routes\api.php","438","        Route::post('/sla/evaluate', [\App\Http\Controllers\Api\V1\Operations\OperationsSlaController::class, 'evaluate']);"
"routes\api.php","442","    Route::prefix('dispatch')->group(function () {"
"routes\api.php","443","        Route::get('/state', [DispatchController::class, 'getState']);"
"routes\api.php","444","        Route::patch('/orders/{id}/status', [DispatchController::class, 'updateOrderStatus']);"
"routes\api.php","445","        Route::patch('/tasks/{taskId}/assign', [DispatchController::class, 'assignTask']);"
"routes\api.php","446","        Route::get('/winter-protocol', [DispatchController::class, 'getWinterProtocol']);"
"routes\api.php","447","        Route::post('/winter-protocol', [DispatchController::class, 'updateWinterProtocol']);"
"routes\api.php","451","    Route::get('/geofences', [App\Http\Controllers\Api\GeofenceController::class, 'getGeofences']);"
"routes\api.php","452","    Route::post('/geofences', [App\Http\Controllers\Api\GeofenceController::class, 'createGeofence']);"
"routes\api.php","453","    Route::put('/geofences/{id}', [App\Http\Controllers\Api\GeofenceController::class, 'updateGeofence']);"
"routes\api.php","454","    Route::delete('/geofences/{id}', [App\Http\Controllers\Api\GeofenceController::class, 'deleteGeofence']);"
"routes\api.php","455","    Route::get('/geofences/{id}/events', [App\Http\Controllers\Api\GeofenceController::class, 'getEvents']);"
"routes\api.php","458","    Route::post('/kyc/documents', [App\Http\Controllers\Api\KycController::class, 'uploadDocument']);"
"routes\api.php","459","    Route::get('/kyc/documents', [App\Http\Controllers\Api\KycController::class, 'getDocuments']);"
"routes\api.php","460","    Route::get('/kyc/status', [App\Http\Controllers\Api\KycController::class, 'getStatus']);"
"routes\api.php","461","    Route::post('/contracts/sign', [App\Http\Controllers\Api\ContractController::class, 'signContract']);"
"routes\api.php","462","    Route::get('/contracts', [App\Http\Controllers\Api\ContractController::class, 'getContracts']);"
"routes\api.php","463","    Route::get('/onboarding/checklist', [App\Http\Controllers\Api\OnboardingController::class, 'getChecklist']);"
"routes\api.php","466","    Route::middleware('auth:sanctum')->group(function () {"
"routes\api.php","467","        Route::post('/logout', [App\Http\Controllers\Api\AuthController::class, 'logout']);"
"routes\api.php","468","        Route::get('/me', [App\Http\Controllers\Api\AuthController::class, 'me']);"
"routes\api.php","471","        Route::post('/push/subscribe', [App\Http\Controllers\Api\PushNotificationController::class, 'subscribe']);"
"routes\api.php","472","        Route::post('/push/unsubscribe', [App\Http\Controllers\Api\PushNotificationController::class, 'unsubscribe']);"
"routes\api.php","473","        Route::get('/push/subscriptions', [App\Http\Controllers\Api\PushNotificationController::class, 'subscriptions']);"
"routes\api.php","476","        Route::get('/partner/me', [App\Http\Controllers\PartnerPortalController::class, 'getProfile']);"
"routes\api.php","477","        Route::get('/partner/settings', [App\Http\Controllers\PartnerPortalController::class, 'getSettings']);"
"routes\api.php","478","        Route::put('/partner/settings', [App\Http\Controllers\PartnerPortalController::class, 'updateSettings']);"
"routes\api.php","479","        Route::get('/partner/service-areas', [App\Http\Controllers\PartnerPortalController::class, 'getServiceAreas']);"
"routes\api.php","480","        Route::post('/partner/service-areas', [App\Http\Controllers\PartnerPortalController::class, 'updateServiceArea']);"
"routes\api.php","481","        Route::get('/partner/pricing-overrides', [App\Http\Controllers\PartnerPortalController::class, 'getPricingOverrides']);"
"routes\api.php","482","        Route::post('/partner/pricing-overrides', [App\Http\Controllers\PartnerPortalController::class, 'createPricingOverride']);"
"routes\api.php","483","        Route::get('/partner/statements', [App\Http\Controllers\PartnerPortalController::class, 'getStatements']);"
"routes\api.php","484","        Route::post('/partner/statements/generate', [App\Http\Controllers\PartnerPortalController::class, 'generateStatement']);"
"routes\api.php","487","        Route::get('/notify/preferences', [App\Http\Controllers\NotificationController::class, 'getPreferences']);"
"routes\api.php","488","        Route::put('/notify/preferences', [App\Http\Controllers\NotificationController::class, 'updatePreferences']);"
"routes\api.php","489","        Route::post('/notify/send-test', [App\Http\Controllers\NotificationController::class, 'sendTest']);"
"routes\api.php","490","        Route::get('/notify/history', [App\Http\Controllers\NotificationController::class, 'getHistory']);"
"routes\api.php","493","        Route::get('/mobile/tasks', [App\Http\Controllers\MobileController::class, 'getTasks']);"
"routes\api.php","494","        Route::post('/mobile/tasks/{id}/checkin', [App\Http\Controllers\MobileController::class, 'checkIn']);"
"routes\api.php","495","        Route::post('/mobile/tasks/{id}/proofs', [App\Http\Controllers\MobileController::class, 'uploadProofs']);"
"routes\api.php","496","        Route::post('/mobile/tasks/{id}/complete', [App\Http\Controllers\MobileController::class, 'completeTask']);"
"routes\api.php","497","        Route::post('/mobile/devices/register', [App\Http\Controllers\MobileController::class, 'registerDevice']);"
"routes\api.php","498","        Route::get('/mobile/offline-data', [App\Http\Controllers\MobileController::class, 'getOfflineData']);"
"routes\api.php","499","        Route::post('/mobile/sync', [App\Http\Controllers\MobileController::class, 'syncOfflineData']);"
"routes\api.php","502","    Route::middleware(['auth:sanctum'])->group(function () {"
"routes\api.php","503","        Route::get('/account/dashboard', [AccountDashboardApiController::class, 'show'])"
"routes\api.php","506","        Route::get('/account/orders', [AccountOrdersApiController::class, 'index'])"
"routes\api.php","509","        Route::get('/account/orders/{order}', [AccountOrdersApiController::class, 'show'])"
"routes\api.php","512","        Route::get('/account/care', [AccountSocialCareApiController::class, 'index'])"
"routes\api.php","515","        Route::get('/account/care/visits/{order}', [AccountSocialCareApiController::class, 'showVisit'])"
"routes\api.php","518","        Route::get('/account/profile', [AccountProfileApiController::class, 'show'])"
"routes\api.php","521","        Route::get('/account/notification-settings', [AccountNotificationsApiController::class, 'show'])"
"routes\api.php","523","        Route::get('/account/notifications/list', [AccountNotificationsApiController::class, 'index'])"
"routes\api.php","525","        Route::post('/account/notifications/mark-read', [AccountNotificationsApiController::class, 'markRead'])"
"routes\api.php","527","        Route::post('/account/notifications/mark-all-read', [AccountNotificationsApiController::class, 'markAllRead'])"
"routes\api.php","529","        Route::get('/account/timeline', [AccountNotificationsApiController::class, 'timeline'])"
"routes\api.php","532","        Route::get('/account/billing/summary', [AccountBillingApiController::class, 'summary'])"
"routes\api.php","534","        Route::get('/account/billing/transactions', [AccountBillingApiController::class, 'transactions'])"
"routes\api.php","539","    Route::prefix('executor')"
"routes\api.php","543","            Route::get('/me', [\App\Http\Controllers\Api\V1\Executor\ExecutorProfileController::class, 'me']);"
"routes\api.php","546","            Route::get('/jobs', [\App\Http\Controllers\Api\V1\Executor\ExecutorJobsController::class, 'index']);"
"routes\api.php","547","            Route::get('/jobs/{assignment}', [\App\Http\Controllers\Api\V1\Executor\ExecutorJobsController::class, 'show'])"
"routes\api.php","551","            Route::post('/jobs/{assignment}/accept', [\App\Http\Controllers\Api\V1\Executor\ExecutorJobsController::class, 'accept']);"
"routes\api.php","552","            Route::post('/jobs/{assignment}/decline', [\App\Http\Controllers\Api\V1\Executor\ExecutorJobsController::class, 'decline']);"
"routes\api.php","553","            Route::post('/jobs/{assignment}/status', [\App\Http\Controllers\Api\V1\Executor\ExecutorJobsController::class, 'updateStatus']);"
"routes\api.php","556","            Route::post('/jobs/{assignment}/materials', [\App\Http\Controllers\Api\V1\Executor\ExecutorJobsController::class, 'addMaterials']);"
"routes\api.php","559","    Route::get('/tasks', [TaskController::class, 'index']);"
"routes\api.php","560","    Route::post('/tasks', [TaskController::class, 'store']);"
"routes\api.php","561","    Route::patch('/tasks/{id}', [TaskController::class, 'update']);"
"routes\api.php","562","    Route::post('/tasks/{id}/events', [TaskController::class, 'storeEvent']);"
"routes\api.php","575","Route::middleware(['auth:sanctum', 'throttle:api_critical'])->group(function () {"
"routes\api.php","576","    Route::get('/loyalty/balance', [\App\Http\Controllers\Api\LoyaltyController::class, 'index']);"
"routes\api.php","577","    Route::get('/loyalty/transactions', [\App\Http\Controllers\Api\LoyaltyController::class, 'show']);"
"routes\api.php","578","    Route::post('/loyalty/redeem', [\App\Http\Controllers\Api\LoyaltyController::class, 'store']);"
"routes\agency-agents.php","13","Route::prefix('agency-agents')->middleware(['api', IdentifyTenantFromApiKey::class])->group(function () {"
"routes\agency-agents.php","14","    Route::get('/overview', [AgentController::class, 'systemOverview']);"
"routes\agency-agents.php","15","    Route::get('/health', [AgentController::class, 'healthCheck']);"
"routes\agency-agents.php","16","    Route::get('/report', [AgentController::class, 'report']);"
"routes\agency-agents.php","17","    Route::get('/categories/stats', [AgentController::class, 'categoryStats']);"
"routes\agency-agents.php","18","    Route::get('/top-performers', [AgentController::class, 'topPerformers']);"
"routes\agency-agents.php","19","    Route::get('/recent-activities', [AgentController::class, 'recentActivities']);"
"routes\agency-agents.php","20","    Route::get('/heatmap', [AgentController::class, 'heatmapData']);"
"routes\agency-agents.php","22","    Route::get('/zones', [AgentController::class, 'zones']);"
"routes\agency-agents.php","23","    Route::get('/zones/{zoneName}', [AgentController::class, 'zoneDetails']);"
"routes\agency-agents.php","24","    Route::get('/zones/stats', [AgentController::class, 'zoneStats']);"
"routes\agency-agents.php","26","    Route::get('/agents', [AgentController::class, 'index']);"
"routes\agency-agents.php","27","    Route::get('/agents/{agent}', [AgentController::class, 'show']);"
"routes\agency-agents.php","28","    Route::put('/agents/{agent}/position', [AgentController::class, 'updatePosition']);"
"routes\agency-agents.php","29","    Route::put('/agents/{agent}/status', [AgentController::class, 'updateStatus']);"
"routes\agency-agents.php","30","    Route::post('/agents/{agent}/move', [AgentController::class, 'moveToZone']);"
"routes\agency-agents.php","32","    Route::get('/agents/{agent}/tasks', [AgentController::class, 'tasks']);"
"routes\agency-agents.php","33","    Route::post('/agents/{agent}/tasks', [AgentController::class, 'createTask']);"
"routes\agency-agents.php","35","    Route::get('/agents/{agent}/communications', [AgentController::class, 'communications']);"
"routes\agency-agents.php","36","    Route::post('/agents/{agent}/messages', [AgentController::class, 'sendMessage']);"
"routes\agency-agents.php","38","    Route::get('/agents/{agent}/performance', [AgentController::class, 'performance']);"
"routes\agency-agents.php","39","    Route::get('/agents/{agent}/metrics', [AgentController::class, 'metrics']);"
"routes\agency-agents.php","40","    Route::get('/agents/{agent}/activities', [AgentController::class, 'activities']);"
"routes\admin.php","12","Route::get('/login', fn () => redirect('/admin/login'))->name('login');"
"routes\admin.php","13","Route::post('/login', fn () => redirect('/admin/login'));"
"routes\admin.php","15","Route::get('/logout', function () {"
"routes\admin.php","22","Route::redirect('/admin/operations-core-board', '/admin/operations-core', 301);"
"routes\admin.php","23","Route::redirect('/admin/service-jobs-board', '/admin/service-jobs', 301);"
"routes\admin.php","24","Route::redirect('/admin/live-ops-map', '/admin/live-operations-map', 301);"
"routes\admin.php","25","Route::redirect('/admin/operation-exceptions-list', '/admin/operation-exceptions', 301);"
"routes\admin.php","26","Route::redirect('/admin/exception-sla-center', '/admin/operation-exceptions', 301)->name('admin.exception-sla-center.legacy');"
"routes\admin.php","29","Route::middleware(['web', 'auth'])"
"routes\admin.php","33","        Route::post('assign-helper', [RoadsideDispatchController::class, 'assignHelper'])"
"routes\admin.php","36","        Route::post('assign-partner', [RoadsideDispatchController::class, 'assignPartner'])"
"routes\agency_hub.php","12","Route::get('agency-hub/health', static function () {"
"routes\agency_hub.php","19","Route::middleware(['api', EnsureAgencySharedApiKey::class])->group(function (): void {"
"routes\agency_hub.php","20","    Route::get('agency-hub/me', [AgencyHubController::class, 'me']);"
"routes\agency_hub.php","21","    Route::get('agency-hub/agents', [AgencyHubController::class, 'agents']);"
"routes\agency_hub.php","22","    Route::get('agency-hub/communications', [AgencyHubController::class, 'communications']);"
"routes\agency_hub.php","23","    Route::post('agency-hub/communications', [AgencyHubController::class, 'storeCommunication']);"
"routes\api-virtual-office.php","20","Route::prefix('virtual-office')->middleware(['auth:sanctum'])->group(function () {"
"routes\api-virtual-office.php","27","    Route::prefix('agents')->group(function () {"
"routes\api-virtual-office.php","29","        Route::get('/', [AgentController::class, 'index']);"
"routes\api-virtual-office.php","32","        Route::get('/stats', [AgentController::class, 'stats']);"
"routes\api-virtual-office.php","35","        Route::get('/{id}', [AgentController::class, 'show']);"
"routes\api-virtual-office.php","38","        Route::post('/', [AgentController::class, 'store']);"
"routes\api-virtual-office.php","41","        Route::put('/{id}', [AgentController::class, 'update']);"
"routes\api-virtual-office.php","44","        Route::delete('/{id}', [AgentController::class, 'destroy']);"
"routes\api-virtual-office.php","47","        Route::post('/{id}/move', [AgentController::class, 'move']);"
"routes\api-virtual-office.php","50","        Route::post('/{id}/move-to-zone', [AgentController::class, 'moveToZone']);"
"routes\api-virtual-office.php","53","        Route::get('/by-category/{categoryId}', [AgentController::class, 'byCategory']);"
"routes\api-virtual-office.php","56","        Route::get('/by-zone/{zoneId}', [AgentController::class, 'byZone']);"
"routes\api-virtual-office.php","64","    Route::prefix('tasks')->group(function () {"
"routes\api-virtual-office.php","66","        Route::get('/', [TaskController::class, 'index']);"
"routes\api-virtual-office.php","69","        Route::get('/stats', [TaskController::class, 'stats']);"
"routes\api-virtual-office.php","72","        Route::get('/overdue', [TaskController::class, 'overdue']);"
"routes\api-virtual-office.php","75","        Route::get('/{id}', [TaskController::class, 'show']);"
"routes\api-virtual-office.php","78","        Route::post('/', [TaskController::class, 'store']);"
"routes\api-virtual-office.php","81","        Route::put('/{id}', [TaskController::class, 'update']);"
"routes\api-virtual-office.php","84","        Route::delete('/{id}', [TaskController::class, 'destroy']);"
"routes\api-virtual-office.php","87","        Route::post('/{id}/start', [TaskController::class, 'start']);"
"routes\api-virtual-office.php","90","        Route::post('/{id}/complete', [TaskController::class, 'complete']);"
"routes\api-virtual-office.php","93","        Route::post('/{id}/cancel', [TaskController::class, 'cancel']);"
"routes\api-virtual-office.php","96","        Route::get('/by-agent/{agentId}', [TaskController::class, 'byAgent']);"
"routes\api-virtual-office.php","99","        Route::get('/active-by-agent/{agentId}', [TaskController::class, 'activeByAgent']);"
"routes\api-virtual-office.php","107","    Route::prefix('messages')->group(function () {"
"routes\api-virtual-office.php","109","        Route::get('/', [MessageController::class, 'index']);"
"routes\api-virtual-office.php","112","        Route::get('/stats', [MessageController::class, 'stats']);"
"routes\api-virtual-office.php","115","        Route::get('/search', [MessageController::class, 'search']);"
"routes\api-virtual-office.php","118","        Route::get('/{id}', [MessageController::class, 'show']);"
"routes\api-virtual-office.php","121","        Route::post('/', [MessageController::class, 'store']);"
"routes\api-virtual-office.php","124","        Route::delete('/{id}', [MessageController::class, 'destroy']);"
"routes\api-virtual-office.php","127","        Route::get('/chat-history/{agentId}', [MessageController::class, 'chatHistory']);"
"routes\api-virtual-office.php","130","        Route::get('/recent-by-agent/{agentId}', [MessageController::class, 'recentByAgent']);"
"routes\api-virtual-office.php","138","    Route::prefix('office-zones')->group(function () {"
"routes\api-virtual-office.php","140","        Route::get('/', [OfficeZoneController::class, 'index']);"
"routes\api-virtual-office.php","143","        Route::get('/stats', [OfficeZoneController::class, 'stats']);"
"routes\api-virtual-office.php","146","        Route::get('/by-slug/{slug}', [OfficeZoneController::class, 'bySlug']);"
"routes\api-virtual-office.php","149","        Route::get('/{id}', [OfficeZoneController::class, 'show']);"
"routes\api-virtual-office.php","152","        Route::post('/', [OfficeZoneController::class, 'store']);"
"routes\api-virtual-office.php","155","        Route::put('/{id}', [OfficeZoneController::class, 'update']);"
"routes\api-virtual-office.php","158","        Route::delete('/{id}', [OfficeZoneController::class, 'destroy']);"
"routes\api-virtual-office.php","161","        Route::get('/{id}/agents', [OfficeZoneController::class, 'agents']);"
"routes\api-virtual-office.php","164","        Route::get('/{id}/active-agents', [OfficeZoneController::class, 'activeAgents']);"
"routes\api-virtual-office.php","167","        Route::post('/{id}/contains-point', [OfficeZoneController::class, 'containsPoint']);"
"routes\api-virtual-office.php","175","    Route::prefix('categories')->group(function () {"
"routes\api-virtual-office.php","177","        Route::get('/', [CategoryController::class, 'index']);"
"routes\api-virtual-office.php","180","        Route::get('/stats', [CategoryController::class, 'stats']);"
"routes\api-virtual-office.php","183","        Route::get('/by-slug/{slug}', [CategoryController::class, 'bySlug']);"
"routes\api-virtual-office.php","186","        Route::get('/{id}', [CategoryController::class, 'show']);"
"routes\api-virtual-office.php","189","        Route::post('/', [CategoryController::class, 'store']);"
"routes\api-virtual-office.php","192","        Route::put('/{id}', [CategoryController::class, 'update']);"
"routes\api-virtual-office.php","195","        Route::delete('/{id}', [CategoryController::class, 'destroy']);"
"routes\api-virtual-office.php","198","        Route::get('/{id}/agents', [CategoryController::class, 'agents']);"
"routes\api-virtual-office.php","201","        Route::get('/{id}/active-agents', [CategoryController::class, 'activeAgents']);"
"routes\api-virtual-office.php","204","        Route::post('/{id}/contains-point', [CategoryController::class, 'containsPoint']);"
"routes\api-virtual-office.php","207","        Route::get('/{id}/random-position', [CategoryController::class, 'randomPosition']);"
"routes\api-virtual-office.php","215","    Route::get('/office-stats', function () {"
